,country,election name,federal election,province,district,constituency_no,candidate_name,party name,received votes
0,Nepal,Parliament & Provincial Election 2079,Federal Parliament 2079,Pradesh 1,Taplejung,Taplejung - Constituency 1,Yogesh Kumar Bhattarai,CPN UML,"21,943"
1,Nepal,Parliament & Provincial Election 2074,Federal Parliament 2074,Pradesh 1,Taplejung,Constituency : 1,Yogesh Bhattarai,CPN-UML,"29,479"
3,Nepal,Parliament & Provincial Election 2079,Federal Parliament 2079,Pradesh 1,Panchthar,Panchthar - Constituency 1,Basanta Kumar Neuwang,CPN UML,"32,135"
4,Nepal,Parliament & Provincial Election 2074,Federal Parliament 2074,Pradesh 1,Panchthar,Constituency : 1,Basanta Kumar Nembang,CPN-UML,"38,641"
6,Nepal,Parliament & Provincial Election 2079,Federal Parliament 2079,Pradesh 1,Illam,Illam - Constituency 1,Mahesh Basnet,CPN UML,"25,753"
7,Nepal,Parliament & Provincial Election 2079,Federal Parliament 2079,Pradesh 1,Illam,Illam - Constituency 2,Subash Chandra Nembang,CPN UML,"30,020"
8,Nepal,Parliament & Provincial Election 2074,Federal Parliament 2074,Pradesh 1,Illam,Constituency : 1,Jhalanath Khanal,CPN-UML,"36,807"
9,Nepal,Parliament & Provincial Election 2074,Federal Parliament 2074,Pradesh 1,Illam,Constituency : 2,Subash Chandra Nembang,CPN-UML,"36,514"
10,Nepal,Parliament & Provincial Election 2079,Federal Parliament 2079,Pradesh 1,Illam,"Illam - 2, By - Election 2081",Suhang Nembang,CPN UML,"27,772"
11,Nepal,Parliament & Provincial Election 2079,Federal Parliament 2079,Pradesh 1,Jhapa,Jhapa - Constituency 1,Biswa Prakash Sharma,Nepali Congress,"39,624"
12,Nepal,Parliament & Provincial Election 2079,Federal Parliament 2079,Pradesh 1,Jhapa,Jhapa - Constituency 2,Dev Raj Ghimire,CPN UML,"28,716"
13,Nepal,Parliament & Provincial Election 2079,Federal Parliament 2079,Pradesh 1,Jhapa,Jhapa - Constituency 3,Rajendra Prasad Lingden,Rastriya Prajatantra Party,"40,662"
14,Nepal,Parliament & Provincial Election 2079,Federal Parliament 2079,Pradesh 1,Jhapa,Jhapa - Constituency 4,Lal Prasad Sawa Limbu,CPN UML,"29,315"
15,Nepal,Parliament & Provincial Election 2079,Federal Parliament 2079,Pradesh 1,Jhapa,Jhapa - Constituency 5,KP Sharma Oli,CPN UML,"52,319"
16,Nepal,Parliament & Provincial Election 2074,Federal Parliament 2074,Pradesh 1,Jhapa,Constituency : 1,Ram Karki,Maoist Centre,"36,173"
17,Nepal,Parliament & Provincial Election 2074,Federal Parliament 2074,Pradesh 1,Jhapa,Constituency : 2,Pabitra Niraula Kharel,CPN-UML,"45,817"
18,Nepal,Parliament & Provincial Election 2074,Federal Parliament 2074,Pradesh 1,Jhapa,Constituency : 3,Rajendra Lingden,RPP,"44,614"
19,Nepal,Parliament & Provincial Election 2074,Federal Parliament 2074,Pradesh 1,Jhapa,Constituency : 4,LP Sanwa Limbu,CPN-UML,"43,515"
20,Nepal,Parliament & Provincial Election 2074,Federal Parliament 2074,Pradesh 1,Jhapa,Constituency : 5,KP Sharma Oli,CPN-UML,"57,139"
22,Nepal,Parliament & Provincial Election 2079,Federal Parliament 2079,Pradesh 1,Morang,Morang - Constituency 1,Dig Bahadur Limbu,Nepali Congress,"27,297"
23,Nepal,Parliament & Provincial Election 2079,Federal Parliament 2079,Pradesh 1,Morang,Morang - Constituency 2,Rishikesh Pokheral,CPN UML,"33,148"
24,Nepal,Parliament & Provincial Election 2079,Federal Parliament 2079,Pradesh 1,Morang,Morang - Constituency 3,Sunil Kumar Sharma,Nepali Congress,"48,631"
25,Nepal,Parliament & Provincial Election 2079,Federal Parliament 2079,Pradesh 1,Morang,Morang - Constituency 4,Aman Lal Modi,CPN Maoist,"30,612"
26,Nepal,Parliament & Provincial Election 2079,Federal Parliament 2079,Pradesh 1,Morang,Morang - Constituency 5,Yogendra Mandal,Independent,"21,820"
27,Nepal,Parliament & Provincial Election 2079,Federal Parliament 2079,Pradesh 1,Morang,Morang - Constituency 6,Dr. Shekhar Koirala,Nepali Congress,"35,224"
28,Nepal,Parliament & Provincial Election 2074,Federal Parliament 2074,Pradesh 1,Morang,Constituency : 1,Ghan Shyam Khatiwada,CPN-UML,"37,524"
29,Nepal,Parliament & Provincial Election 2074,Federal Parliament 2074,Pradesh 1,Morang,Constituency : 2,Dr Minendra Rijal,Nepali Congress,"35,819"
30,Nepal,Parliament & Provincial Election 2074,Federal Parliament 2074,Pradesh 1,Morang,Constituency : 3,Bhanubhakta Dhakal,CPN-UML,"42,413"
31,Nepal,Parliament & Provincial Election 2074,Federal Parliament 2074,Pradesh 1,Morang,Constituency : 4,Aman Lal Modi,Maoist Centre,"33,529"
32,Nepal,Parliament & Provincial Election 2074,Federal Parliament 2074,Pradesh 1,Morang,Constituency : 5,Shiva Kumar Mandal,Maoist Centre,"22,945"
33,Nepal,Parliament & Provincial Election 2074,Federal Parliament 2074,Pradesh 1,Morang,Constituency : 6,Lal Babu Pandit,CPN-UML,"33,941"
35,Nepal,Parliament & Provincial Election 2079,Federal Parliament 2079,Pradesh 1,Sunsari,Sunsari - Constituency 1,Ashok Kumar Rai,Janata Samajwadi Party,"17,059"
36,Nepal,Parliament & Provincial Election 2079,Federal Parliament 2079,Pradesh 1,Sunsari,Sunsari - Constituency 2,Bhim Prasad Acharya,CPN UML,"32,024"
37,Nepal,Parliament & Provincial Election 2079,Federal Parliament 2079,Pradesh 1,Sunsari,Sunsari - Constituency 3,Bhagwati Chaudhary,CPN UML,"40,788"
38,Nepal,Parliament & Provincial Election 2079,Federal Parliament 2079,Pradesh 1,Sunsari,Sunsari - Constituency 4,Gyanendra Bahadur Karki,Nepali Congress,"30,483"
39,Nepal,Parliament & Provincial Election 2074,Federal Parliament 2074,Pradesh 1,Sunsari,Constituency : 1,Jaya Kumar Rai,CPN-UML,"44,528"
40,Nepal,Parliament & Provincial Election 2074,Federal Parliament 2074,Pradesh 1,Sunsari,Constituency : 2,Sita Ram Mehata,Nepali Congress,"41,495"
41,Nepal,Parliament & Provincial Election 2074,Federal Parliament 2074,Pradesh 1,Sunsari,Constituency : 3,Bijay Kumar Gachhadar,Nepali Congress,"38,972"
42,Nepal,Parliament & Provincial Election 2074,Federal Parliament 2074,Pradesh 1,Sunsari,Constituency : 4,Gyanendra Bahadur Karki,Nepali Congress,"32,347"
44,Nepal,Parliament & Provincial Election 2079,Federal Parliament 2079,Pradesh 1,Dhankuta,Dhankuta - Constituency 1,Rajendra Kumar Rai,CPN UML,"30,101"
45,Nepal,Parliament & Provincial Election 2074,Federal Parliament 2074,Pradesh 1,Dhankuta,Constituency : 1,Rajendra Rai,CPN-UML,"37,333"
47,Nepal,Parliament & Provincial Election 2079,Federal Parliament 2079,Pradesh 1,Sankhuwasabha,Sankhuwasabha - Constituency 1,Dipak Khadka,Nepali Congress,"32,161"
48,Nepal,Parliament & Provincial Election 2074,Federal Parliament 2074,Pradesh 1,Sankhuwasabha,Constituency : 1,Rajendra Gautam,CPN-UML,"32,769"
50,Nepal,Parliament & Provincial Election 2079,Federal Parliament 2079,Pradesh 1,Bhojpur,Bhojpur - Constituency 1,Sudan Kirati,CPN Maoist,"28,591"
51,Nepal,Parliament & Provincial Election 2074,Federal Parliament 2074,Pradesh 1,Bhojpur,Constituency : 1,Sudan Kiranti,Maoist Centre,"34,394"
53,Nepal,Parliament & Provincial Election 2079,Federal Parliament 2079,Pradesh 1,Terhathum,Terhathum - Constituency 1,Sita Gurung,Nepali Congress,"19,707"
54,Nepal,Parliament & Provincial Election 2074,Federal Parliament 2074,Pradesh 1,Terhathum,Constituency : 1,Bhawani Prasad Khapung,CPN-UML,"21,335"
56,Nepal,Parliament & Provincial Election 2079,Federal Parliament 2079,Pradesh 1,Okhaldhunga,Okhaldhunga - Constituency 1,Ram Hari Khatiwada,Nepali Congress,"33,556"
57,Nepal,Parliament & Provincial Election 2074,Federal Parliament 2074,Pradesh 1,Okhaldhunga,Constituency : 1,Yagya Raj Sunuwar,CPN-UML,"32,580"
59,Nepal,Parliament & Provincial Election 2079,Federal Parliament 2079,Pradesh 1,Khotang,Khotang - Constituency 1,Ram Kumar Rai,CPN Maoist,"31,351"
60,Nepal,Parliament & Provincial Election 2074,Federal Parliament 2074,Pradesh 1,Khotang,Constituency : 1,Bishal Bhattarai,CPN-UML,"36,329"
62,Nepal,Parliament & Provincial Election 2079,Federal Parliament 2079,Pradesh 1,Solukhumbu,Solukhumbu - Constituency 1,Manbir Rai,CPN UML,"19,324"
63,Nepal,Parliament & Provincial Election 2074,Federal Parliament 2074,Pradesh 1,Solukhumbu,Constituency : 1,Hem Kumar Rai,Maoist Centre,"20,747"
65,Nepal,Parliament & Provincial Election 2079,Federal Parliament 2079,Pradesh 1,Udayapur,Udayapur - Constituency 1,Dr. Narayan Khadka,Nepali Congress,"31,270"
66,Nepal,Parliament & Provincial Election 2079,Federal Parliament 2079,Pradesh 1,Udayapur,Udayapur - Constituency 2,Ambar Bahadur Raimajhi,CPN UML,"15,251"
67,Nepal,Parliament & Provincial Election 2074,Federal Parliament 2074,Pradesh 1,Udayapur,Constituency : 1,Dr Narayan Khadka,Nepali Congress,"33,142"
68,Nepal,Parliament & Provincial Election 2074,Federal Parliament 2074,Pradesh 1,Udayapur,Constituency : 2,Suresh Kumar Rai,Maoist Centre,"22,551"
70,Nepal,Parliament & Provincial Election 2079,Federal Parliament 2079,Madhesh Pradesh,Saptari,Saptari - Constituency 1,Nawal Kishor Shah Sudi,Janata Samajwadi Party,"23,604"
71,Nepal,Parliament & Provincial Election 2079,Federal Parliament 2079,Madhesh Pradesh,Saptari,Saptari - Constituency 2,Chandra Kanta Raut,Janamat Party,"35,042"
72,Nepal,Parliament & Provincial Election 2079,Federal Parliament 2079,Madhesh Pradesh,Saptari,Saptari - Constituency 3,Dinesh Kumar Yadav,Nepali Congress,"26,166"
73,Nepal,Parliament & Provincial Election 2079,Federal Parliament 2079,Madhesh Pradesh,Saptari,Saptari - Constituency 4,Teju Lal Chaudhary,Nepali Congress,"23,491"
74,Nepal,Parliament & Provincial Election 2074,Federal Parliament 2074,Madhesh Pradesh,Saptari,Constituency : 1,Dr Surya Narayan Yadav,SSF,"21,712"
75,Nepal,Parliament & Provincial Election 2074,Federal Parliament 2074,Madhesh Pradesh,Saptari,Constituency : 2,Upendra Yadav,SSF,"21,620"
76,Nepal,Parliament & Provincial Election 2074,Federal Parliament 2074,Madhesh Pradesh,Saptari,Constituency : 3,Chandra Kant Chaudhary,RJP,"22,584"
77,Nepal,Parliament & Provincial Election 2074,Federal Parliament 2074,Madhesh Pradesh,Saptari,Constituency : 4,Teju Lal Chaudhary,Nepali Congress,"24,113"
79,Nepal,Parliament & Provincial Election 2079,Federal Parliament 2079,Madhesh Pradesh,Siraha,Siraha - Constituency 1,Ram Shankar Yadav,CPN UML,"29,462"
80,Nepal,Parliament & Provincial Election 2079,Federal Parliament 2079,Madhesh Pradesh,Siraha,Siraha - Constituency 2,Raj Kishor Yadav,Janata Samajwadi Party,"24,178"
81,Nepal,Parliament & Provincial Election 2079,Federal Parliament 2079,Madhesh Pradesh,Siraha,Siraha - Constituency 3,Lilanath Shrestha,CPN UML,"28,064"
82,Nepal,Parliament & Provincial Election 2079,Federal Parliament 2079,Madhesh Pradesh,Siraha,Siraha - Constituency 4,Birendra Prasad Mahato,Janata Samajwadi Party,"24,102"
83,Nepal,Parliament & Provincial Election 2074,Federal Parliament 2074,Madhesh Pradesh,Siraha,Constituency : 1,Pradip Giri,Nepali Congress,"23,951"
84,Nepal,Parliament & Provincial Election 2074,Federal Parliament 2074,Madhesh Pradesh,Siraha,Constituency : 2,Suresh Chandra Das,Maoist Centre,"20,148"
85,Nepal,Parliament & Provincial Election 2074,Federal Parliament 2074,Madhesh Pradesh,Siraha,Constituency : 3,Lila Nath Shrestha,CPN-UML,"23,227"
86,Nepal,Parliament & Provincial Election 2074,Federal Parliament 2074,Madhesh Pradesh,Siraha,Constituency : 4,Raj Kishir Yadav,RJP,"21,144"
88,Nepal,Parliament & Provincial Election 2079,Federal Parliament 2079,Madhesh Pradesh,Dhanusa,Dhanusa - Constituency 1,Dipak Karki,Janata Samajwadi Party,"27,431"
89,Nepal,Parliament & Provincial Election 2079,Federal Parliament 2079,Madhesh Pradesh,Dhanusa,Dhanusa - Constituency 2,Ram Krishna Yadav,Nepali Congress,"20,112"
90,Nepal,Parliament & Provincial Election 2079,Federal Parliament 2079,Madhesh Pradesh,Dhanusa,Dhanusa - Constituency 3,Juli Kumari Mahato(Mahaseth),CPN UML,"33,388"
91,Nepal,Parliament & Provincial Election 2079,Federal Parliament 2079,Madhesh Pradesh,Dhanusa,Dhanusa - Constituency 4,Raghubir Mahaset,CPN UML,"32,236"
92,Nepal,Parliament & Provincial Election 2074,Federal Parliament 2074,Madhesh Pradesh,Dhanusa,Constituency : 1,Matrika Prasad Yadav,Maoist Centre,"26,418"
93,Nepal,Parliament & Provincial Election 2074,Federal Parliament 2074,Madhesh Pradesh,Dhanusa,Constituency : 2,Uma Shanker Aragriya,SSF,"32,044"
94,Nepal,Parliament & Provincial Election 2074,Federal Parliament 2074,Madhesh Pradesh,Dhanusa,Constituency : 3,Rajendra Mahato,RJP,"30,742"
95,Nepal,Parliament & Provincial Election 2074,Federal Parliament 2074,Madhesh Pradesh,Dhanusa,Constituency : 4,Raghuveer Mahaseth,CPN-UML,"22,532"
97,Nepal,Parliament & Provincial Election 2079,Federal Parliament 2079,Madhesh Pradesh,Mahottari,Mahottari - Constituency 1,Laxmi Mahato Koiri,CPN UML,"23,402"
98,Nepal,Parliament & Provincial Election 2079,Federal Parliament 2079,Madhesh Pradesh,Mahottari,Mahottari - Constituency 2,Sharat Singh Bhandari,Loktantrik Samajwadi Party,"25,190"
99,Nepal,Parliament & Provincial Election 2079,Federal Parliament 2079,Madhesh Pradesh,Mahottari,Mahottari - Constituency 3,Mahantha Thakur,Loktantrik Samajwadi Party,"16,375"
100,Nepal,Parliament & Provincial Election 2079,Federal Parliament 2079,Madhesh Pradesh,Mahottari,Mahottari - Constituency 4,Mahendra Kumar Ray,Nepali Congress,"25,448"
101,Nepal,Parliament & Provincial Election 2074,Federal Parliament 2074,Madhesh Pradesh,Mahottari,Constituency : 1,Girirajmani Pokahrel,Maoist Centre,"23,776"
102,Nepal,Parliament & Provincial Election 2074,Federal Parliament 2074,Madhesh Pradesh,Mahottari,Constituency : 2,Sharat Singh Bhandari,RJP,"30,722"
103,Nepal,Parliament & Provincial Election 2074,Federal Parliament 2074,Madhesh Pradesh,Mahottari,Constituency : 3,Mahanta Thakur,RJP,"26,845"
104,Nepal,Parliament & Provincial Election 2074,Federal Parliament 2074,Madhesh Pradesh,Mahottari,Constituency : 4,Surendra Kumar Yadav,SSF,"18,353"
106,Nepal,Parliament & Provincial Election 2079,Federal Parliament 2079,Madhesh Pradesh,Sarlahi,Sarlahi - Constituency 1,Ram Prakash Choudhary,Loktantrik Samajwadi Party,"24,838"
107,Nepal,Parliament & Provincial Election 2079,Federal Parliament 2079,Madhesh Pradesh,Sarlahi,Sarlahi - Constituency 2,Mahindra Rai Yadav,CPN Maoist,"23,529"
108,Nepal,Parliament & Provincial Election 2079,Federal Parliament 2079,Madhesh Pradesh,Sarlahi,Sarlahi - Constituency 3,Hari Prasad Upreti,CPN UML,"32,938"
109,Nepal,Parliament & Provincial Election 2079,Federal Parliament 2079,Madhesh Pradesh,Sarlahi,Sarlahi - Constituency 4,Amresh Kumar Singh,Independent,"20,017"
110,Nepal,Parliament & Provincial Election 2074,Federal Parliament 2074,Madhesh Pradesh,Sarlahi,Constituency : 1,Pramod Sah,RJP,"22,036"
111,Nepal,Parliament & Provincial Election 2074,Federal Parliament 2074,Madhesh Pradesh,Sarlahi,Constituency : 2,Mahendra Raya Yadav,RJP,"29,191"
112,Nepal,Parliament & Provincial Election 2074,Federal Parliament 2074,Madhesh Pradesh,Sarlahi,Constituency : 3,Rameshwor Raya Yadav,Maoist Centre,"22,367"
113,Nepal,Parliament & Provincial Election 2074,Federal Parliament 2074,Madhesh Pradesh,Sarlahi,Constituency : 4,Amresh Kumar Singh,Nepali Congress,"29,675"
115,Nepal,Parliament & Provincial Election 2079,Federal Parliament 2079,Madhesh Pradesh,Rauthat,Rauthat - Constituency 1,Madhav Kumar Nepal,CPN (Unified Socialist),"33,522"
116,Nepal,Parliament & Provincial Election 2079,Federal Parliament 2079,Madhesh Pradesh,Rauthat,Rauthat - Constituency 2,Kiran Kumar Shah,Independent,"32,842"
117,Nepal,Parliament & Provincial Election 2079,Federal Parliament 2079,Madhesh Pradesh,Rauthat,Rauthat - Constituency 3,Prabhu Shah,Independent,"32,437"
118,Nepal,Parliament & Provincial Election 2079,Federal Parliament 2079,Madhesh Pradesh,Rauthat,Rauthat - Constituency 4,Dev Prasad Timilsina,Nepali Congress,"34,161"
119,Nepal,Parliament & Provincial Election 2074,Federal Parliament 2074,Madhesh Pradesh,Rauthat,Constituency : 1,Anil Kumar Jha,RJP,"21,472"
120,Nepal,Parliament & Provincial Election 2074,Federal Parliament 2074,Madhesh Pradesh,Rauthat,Constituency : 2,Mohammad Aftab Aalam,Nepali Congress,"18,833"
121,Nepal,Parliament & Provincial Election 2074,Federal Parliament 2074,Madhesh Pradesh,Rauthat,Constituency : 3,Prabhu Sah,Maoist Centre,"27,799"
122,Nepal,Parliament & Provincial Election 2074,Federal Parliament 2074,Madhesh Pradesh,Rauthat,Constituency : 4,Dev Prasad Timalsina,Nepali Congress,"28,828"
124,Nepal,Parliament & Provincial Election 2079,Federal Parliament 2079,Madhesh Pradesh,Bara,Bara - Constituency 1,Achyut Prasad Mainali,CPN UML,"39,195"
125,Nepal,Parliament & Provincial Election 2079,Federal Parliament 2079,Madhesh Pradesh,Bara,Bara - Constituency 2,Ramsahaya Prasad Yadav,Janata Samajwadi Party,"13,822"
126,Nepal,Parliament & Provincial Election 2079,Federal Parliament 2079,Madhesh Pradesh,Bara,Bara - Constituency 3,Jwala Kumari Shah,CPN UML,"20,251"
127,Nepal,Parliament & Provincial Election 2079,Federal Parliament 2079,Madhesh Pradesh,Bara,Bara - Constituency 4,Krishna Kumar Shrestha,CPN (Unified Socialist),"30,341"
128,Nepal,Parliament & Provincial Election 2074,Federal Parliament 2074,Madhesh Pradesh,Bara,Constituency : 1,Uma Kanta Chaudhary,Nepali Congress,"24,450"
129,Nepal,Parliament & Provincial Election 2074,Federal Parliament 2074,Madhesh Pradesh,Bara,Constituency : 2,Ramsahaya Prasad Yadav,SSF,"28,185"
130,Nepal,Parliament & Provincial Election 2074,Federal Parliament 2074,Madhesh Pradesh,Bara,Constituency : 3,Rambabu Kumar Yadav,SSF,"21,336"
131,Nepal,Parliament & Provincial Election 2074,Federal Parliament 2074,Madhesh Pradesh,Bara,Constituency : 4,Iqbal Miya,RJP,"22,275"
132,Nepal,Parliament & Provincial Election 2079,Federal Parliament 2079,Madhesh Pradesh,Bara,"Bara - 2, By - Election 2081",Upendra Yadav,Janata Samajwadi Party,"28,415"
133,Nepal,Parliament & Provincial Election 2079,Federal Parliament 2079,Madhesh Pradesh,Parsa,Parsa - Constituency 1,Pradeep Yadav,Janata Samajwadi Party,"22,537"
134,Nepal,Parliament & Provincial Election 2079,Federal Parliament 2079,Madhesh Pradesh,Parsa,Parsa - Constituency 2,Ajay Kumar Chaurasiya,Nepali Congress,"28,451"
135,Nepal,Parliament & Provincial Election 2079,Federal Parliament 2079,Madhesh Pradesh,Parsa,Parsa - Constituency 3,Raj Kumar Gupta,CPN UML,"24,319"
136,Nepal,Parliament & Provincial Election 2079,Federal Parliament 2079,Madhesh Pradesh,Parsa,Parsa - Constituency 4,Ramesh Rijal,Nepali Congress,"31,142"
137,Nepal,Parliament & Provincial Election 2074,Federal Parliament 2074,Madhesh Pradesh,Parsa,Constituency : 1,Pradip Yadav,SSF,"21,132"
138,Nepal,Parliament & Provincial Election 2074,Federal Parliament 2074,Madhesh Pradesh,Parsa,Constituency : 2,Bimal Prasad Shrivastava,SSF,"21,169"
139,Nepal,Parliament & Provincial Election 2074,Federal Parliament 2074,Madhesh Pradesh,Parsa,Constituency : 3,Hari Narayan Prasad Rauniyar,SSF,"15,168"
140,Nepal,Parliament & Provincial Election 2074,Federal Parliament 2074,Madhesh Pradesh,Parsa,Constituency : 4,Laxman Lal Karn,RJP,"20,738"
142,Nepal,Parliament & Provincial Election 2079,Federal Parliament 2079,Bagmati Pradesh,Sindhuli,Sindhuli - Constituency 1,Shyam Kumar Ghimire,Nepali Congress,"30,391"
143,Nepal,Parliament & Provincial Election 2079,Federal Parliament 2079,Bagmati Pradesh,Sindhuli,Sindhuli - Constituency 2,Lekhnath Dahal,CPN Maoist,"27,517"
144,Nepal,Parliament & Provincial Election 2074,Federal Parliament 2074,Bagmati Pradesh,Sindhuli,Constituency : 1,Ganesh Kumar Pahadi,CPN-UML,"32,529"
145,Nepal,Parliament & Provincial Election 2074,Federal Parliament 2074,Bagmati Pradesh,Sindhuli,Constituency : 2,Haribol Prasad Gajurel,Maoist Centre,"30,179"
147,Nepal,Parliament & Provincial Election 2079,Federal Parliament 2079,Bagmati Pradesh,Ramechhap,Ramechhap - Constituency 1,Purna Bahadur Tamang,Nepali Congress,"47,099"
148,Nepal,Parliament & Provincial Election 2074,Federal Parliament 2074,Bagmati Pradesh,Ramechhap,Constituency : 1,Shyam Kumar Shrestha,Maoist Centre,"42,116"
150,Nepal,Parliament & Provincial Election 2079,Federal Parliament 2079,Bagmati Pradesh,Dolkha,Dolkha - Constituency 1,Ganga Karki,CPN Maoist,"36,820"
151,Nepal,Parliament & Provincial Election 2074,Federal Parliament 2074,Bagmati Pradesh,Dolkha,Constituency : 1,Parwat Gurung,CPN-UML,"55,457"
153,Nepal,Parliament & Provincial Election 2079,Federal Parliament 2079,Bagmati Pradesh,Sindhupalchowk,Sindhupalchowk - Constituency 1,Madhav Sapkota,CPN Maoist,"30,374"
154,Nepal,Parliament & Provincial Election 2079,Federal Parliament 2079,Bagmati Pradesh,Sindhupalchowk,Sindhupalchowk - Constituency 2,Mohan Bahadur Basnet,Nepali Congress,"39,367"
155,Nepal,Parliament & Provincial Election 2074,Federal Parliament 2074,Bagmati Pradesh,Sindhupalchowk,Constituency : 1,Agni Prasad Sapkota,Maoist Centre,"40,504"
156,Nepal,Parliament & Provincial Election 2074,Federal Parliament 2074,Bagmati Pradesh,Sindhupalchowk,Constituency : 2,Sher Bahadur Tamang,CPN-UML,"38,401"
158,Nepal,Parliament & Provincial Election 2079,Federal Parliament 2079,Bagmati Pradesh,Kavrepalanchowk,Kavrepalanchowk - Constituency 1,Surya Man Tamang (Dong),CPN Maoist,"34,512"
159,Nepal,Parliament & Provincial Election 2079,Federal Parliament 2079,Bagmati Pradesh,Kavrepalanchowk,Kavrepalanchowk - Constituency 2,Gokul Prasad Baskota,CPN UML,"45,345"
160,Nepal,Parliament & Provincial Election 2074,Federal Parliament 2074,Bagmati Pradesh,Kavrepalanchowk,Constituency : 1,Ganga Bahadur Tamang,Maoist Centre,"43,631"
161,Nepal,Parliament & Provincial Election 2074,Federal Parliament 2074,Bagmati Pradesh,Kavrepalanchowk,Constituency : 2,Gokul Prasad Banskota,CPN-UML,"54,427"
163,Nepal,Parliament & Provincial Election 2079,Federal Parliament 2079,Bagmati Pradesh,Lalitpur,Lalitpur - Constituency 1,Udaya Shamsher JBR,Nepali Congress,"23,892"
164,Nepal,Parliament & Provincial Election 2079,Federal Parliament 2079,Bagmati Pradesh,Lalitpur,Lalitpur - Constituency 2,Prem Bahadur Maharjan,CPN UML,"15,025"
165,Nepal,Parliament & Provincial Election 2079,Federal Parliament 2079,Bagmati Pradesh,Lalitpur,Lalitpur - Constituency 3,Toshima Karki,Rastriya Swatantra Party,"31,136"
166,Nepal,Parliament & Provincial Election 2074,Federal Parliament 2074,Bagmati Pradesh,Lalitpur,Constituency : 1,Navaraj Silwal,CPN-UML,"26,951"
167,Nepal,Parliament & Provincial Election 2074,Federal Parliament 2074,Bagmati Pradesh,Lalitpur,Constituency : 2,Krishna Lal Maharjan,CPN-UML,"27,713"
168,Nepal,Parliament & Provincial Election 2074,Federal Parliament 2074,Bagmati Pradesh,Lalitpur,Constituency : 3,Pampha Bhusal,Maoist Centre,"24,036"
170,Nepal,Parliament & Provincial Election 2079,Federal Parliament 2079,Bagmati Pradesh,Bhaktapur,Bhaktapur - Constituency 1,Prem Suwal,Nepal Workers and Peasants Party,"42,761"
171,Nepal,Parliament & Provincial Election 2079,Federal Parliament 2079,Bagmati Pradesh,Bhaktapur,Bhaktapur - Constituency 2,Durlav Thapa Chhetri,Nepali Congress,"24,239"
172,Nepal,Parliament & Provincial Election 2074,Federal Parliament 2074,Bagmati Pradesh,Bhaktapur,Constituency : 1,Prem Suwal,Ne.Ma.Ki.Pa,"33,076"
173,Nepal,Parliament & Provincial Election 2074,Federal Parliament 2074,Bagmati Pradesh,Bhaktapur,Constituency : 2,Mahesh Basnet,CPN-UML,"36,412"
175,Nepal,Parliament & Provincial Election 2079,Federal Parliament 2079,Bagmati Pradesh,Kathmandu,Kathmandu - Constituency 1,Prakashman Singh,Nepali Congress,"7,143"
176,Nepal,Parliament & Provincial Election 2079,Federal Parliament 2079,Bagmati Pradesh,Kathmandu,Kathmandu - Constituency 2,Sobita Gautam,Rastriya Swatantra Party,"15,229"
177,Nepal,Parliament & Provincial Election 2079,Federal Parliament 2079,Bagmati Pradesh,Kathmandu,Kathmandu - Constituency 3,Santosh Chalise,Nepali Congress,"15,158"
178,Nepal,Parliament & Provincial Election 2079,Federal Parliament 2079,Bagmati Pradesh,Kathmandu,Kathmandu - Constituency 4,Gagan Kumar Thapa,Nepali Congress,"21,302"
179,Nepal,Parliament & Provincial Election 2079,Federal Parliament 2079,Bagmati Pradesh,Kathmandu,Kathmandu - Constituency 5,Pradip Poudel,Nepali Congress,"15,237"
180,Nepal,Parliament & Provincial Election 2079,Federal Parliament 2079,Bagmati Pradesh,Kathmandu,Kathmandu - Constituency 6,Shishir Khanal,Rastriya Swatantra Party,"14,204"
181,Nepal,Parliament & Provincial Election 2079,Federal Parliament 2079,Bagmati Pradesh,Kathmandu,Kathmandu - Constituency 7,Ganesh Parajuli,Rastriya Swatantra Party,"8,743"
182,Nepal,Parliament & Provincial Election 2079,Federal Parliament 2079,Bagmati Pradesh,Kathmandu,Kathmandu - Constituency 8,Biraj Bhakta Shrestha,Rastriya Swatantra Party,"10,105"
183,Nepal,Parliament & Provincial Election 2079,Federal Parliament 2079,Bagmati Pradesh,Kathmandu,Kathmandu - Constituency 9,Krishna Gopal Shrestha,CPN UML,"11,956"
184,Nepal,Parliament & Provincial Election 2079,Federal Parliament 2079,Bagmati Pradesh,Kathmandu,Kathmandu - Constituency 10,Rajendra Kumar K.C,Nepali Congress,"14,448"
185,Nepal,Parliament & Provincial Election 2074,Federal Parliament 2074,Bagmati Pradesh,Kathmandu,Constituency : 1,Prakash Man Singh,Nepali Congress,"10,936"
186,Nepal,Parliament & Provincial Election 2074,Federal Parliament 2074,Bagmati Pradesh,Kathmandu,Constituency : 2,Madhav Kumar Nepal,CPN-UML,"27,366"
187,Nepal,Parliament & Provincial Election 2074,Federal Parliament 2074,Bagmati Pradesh,Kathmandu,Constituency : 3,Krishna Rai,CPN-UML,"19,169"
188,Nepal,Parliament & Provincial Election 2074,Federal Parliament 2074,Bagmati Pradesh,Kathmandu,Constituency : 4,Gagan Thapa,Nepali Congress,"21,558"
189,Nepal,Parliament & Provincial Election 2074,Federal Parliament 2074,Bagmati Pradesh,Kathmandu,Constituency : 5,Ishwor Pokharel,CPN-UML,"23,029"
190,Nepal,Parliament & Provincial Election 2074,Federal Parliament 2074,Bagmati Pradesh,Kathmandu,Constituency : 6,Bhimsen Das Pradhan,Nepali Congress,"16,785"
191,Nepal,Parliament & Provincial Election 2074,Federal Parliament 2074,Bagmati Pradesh,Kathmandu,Constituency : 7,Ram Bir Manandhar,CPN-UML,"18,102"
192,Nepal,Parliament & Provincial Election 2074,Federal Parliament 2074,Bagmati Pradesh,Kathmandu,Constituency : 8,Jeevan Ram Shrestha,CPN-UML,"13,397"
193,Nepal,Parliament & Provincial Election 2074,Federal Parliament 2074,Bagmati Pradesh,Kathmandu,Constituency : 9,Krishna Gopal Shrestha,CPN-UML,"22,852"
194,Nepal,Parliament & Provincial Election 2074,Federal Parliament 2074,Bagmati Pradesh,Kathmandu,Constituency : 10,Rajan KC,Nepali Congress,"24,190"
196,Nepal,Parliament & Provincial Election 2079,Federal Parliament 2079,Bagmati Pradesh,Nuwakot,Nuwakot - Constituency 1,Hit Bahadur Tamang,CPN Maoist,"26,548"
197,Nepal,Parliament & Provincial Election 2079,Federal Parliament 2079,Bagmati Pradesh,Nuwakot,Nuwakot - Constituency 2,Arjun Narasingh KC,Nepali Congress,"28,107"
198,Nepal,Parliament & Provincial Election 2074,Federal Parliament 2074,Bagmati Pradesh,Nuwakot,Constituency : 1,Hit Bahadur Tamang,Maoist Centre,"36,473"
199,Nepal,Parliament & Provincial Election 2074,Federal Parliament 2074,Bagmati Pradesh,Nuwakot,Constituency : 2,Narayan Khatiwada,CPN-UML,"36,892"
201,Nepal,Parliament & Provincial Election 2079,Federal Parliament 2079,Bagmati Pradesh,Rasuwa,Rasuwa - Constituency 1,Mohan Acharya,Nepali Congress,"18,235"
202,Nepal,Parliament & Provincial Election 2074,Federal Parliament 2074,Bagmati Pradesh,Rasuwa,Constituency : 1,Mohan Acharya,Nepali Congress,"14,453"
204,Nepal,Parliament & Provincial Election 2079,Federal Parliament 2079,Bagmati Pradesh,Dhading,Dhading - Constituency 1,Rajendra Prasad Pandey,CPN (Unified Socialist),"35,934"
205,Nepal,Parliament & Provincial Election 2079,Federal Parliament 2079,Bagmati Pradesh,Dhading,Dhading - Constituency 2,Ramnath Adhikari,Nepali Congress,"34,657"
206,Nepal,Parliament & Provincial Election 2074,Federal Parliament 2074,Bagmati Pradesh,Dhading,Constituency : 1,Bhumi Tripathi,CPN-UML,"49,121"
207,Nepal,Parliament & Provincial Election 2074,Federal Parliament 2074,Bagmati Pradesh,Dhading,Constituency : 2,Khem Prasad Lohani,CPN-UML,"36,654"
209,Nepal,Parliament & Provincial Election 2079,Federal Parliament 2079,Bagmati Pradesh,Makwanpur,Makwanpur - Constituency 1,Dipak Bahadur Singh,Rastriya Prajatantra Party,"27,816"
210,Nepal,Parliament & Provincial Election 2079,Federal Parliament 2079,Bagmati Pradesh,Makwanpur,Makwanpur - Constituency 2,Mahesh Kumar Bartaula,CPN UML,"34,916"
211,Nepal,Parliament & Provincial Election 2074,Federal Parliament 2074,Bagmati Pradesh,Makwanpur,Constituency : 1,Krishna Prasad Dahal,CPN-UML,"40,630"
212,Nepal,Parliament & Provincial Election 2074,Federal Parliament 2074,Bagmati Pradesh,Makwanpur,Constituency : 2,Birodh Khatiwada,CPN-UML,"44,744"
214,Nepal,Parliament & Provincial Election 2079,Federal Parliament 2079,Bagmati Pradesh,Chitwan,Chitwan - Constituency 1,Hari Dhakal,Rastriya Swatantra Party,"34,189"
215,Nepal,Parliament & Provincial Election 2079,Federal Parliament 2079,Bagmati Pradesh,Chitwan,Chitwan - Constituency 2,Rabi Lamichhane,Rastriya Swatantra Party,"49,264"
216,Nepal,Parliament & Provincial Election 2079,Federal Parliament 2079,Bagmati Pradesh,Chitwan,Chitwan - Constituency 3,Bikram Pandey,Rastriya Prajatantra Party,"35,055"
217,Nepal,Parliament & Provincial Election 2074,Federal Parliament 2074,Bagmati Pradesh,Chitwan,Constituency : 1,Surendra Prasad Panday,CPN-UML,"51,080"
218,Nepal,Parliament & Provincial Election 2074,Federal Parliament 2074,Bagmati Pradesh,Chitwan,Constituency : 2,Krishna Bhakta Pokharel,CPN-UML,"44,670"
219,Nepal,Parliament & Provincial Election 2074,Federal Parliament 2074,Bagmati Pradesh,Chitwan,Constituency : 3,Pushpa Kamal Dahal,Maoist Centre,"48,276"
220,Nepal,Parliament & Provincial Election 2079,Federal Parliament 2079,Bagmati Pradesh,Chitwan,"Chitwan - 2, By - Election 2081",Rabi Lamichhane,Rastriya Swatantra Party,"54,176"
221,Nepal,Parliament & Provincial Election 2079,Federal Parliament 2079,Gandaki Pradesh,Gorkha,Gorkha - Constituency 1,Rajendra Bajgain,Nepali Congress,"33,428"
222,Nepal,Parliament & Provincial Election 2079,Federal Parliament 2079,Gandaki Pradesh,Gorkha,Gorkha - Constituency 2,Puspa Kamal Dahal (Prachanda),CPN Maoist,"26,109"
223,Nepal,Parliament & Provincial Election 2074,Federal Parliament 2074,Gandaki Pradesh,Gorkha,Constituency : 1,Hariraj Adhikari,Maoist Centre,"29,860"
224,Nepal,Parliament & Provincial Election 2074,Federal Parliament 2074,Gandaki Pradesh,Gorkha,Constituency : 2,Baburam Bhattarai,Naya Shakti Party,"31,807"
226,Nepal,Parliament & Provincial Election 2079,Federal Parliament 2079,Gandaki Pradesh,Lamjung,Lamjung - Constituency 1,Prithvi Subba Gurung,CPN UML,"34,985"
227,Nepal,Parliament & Provincial Election 2074,Federal Parliament 2074,Gandaki Pradesh,Lamjung,Constituency : 1,Dev Prasad Gurung,Maoist Centre,"39,468"
229,Nepal,Parliament & Provincial Election 2079,Federal Parliament 2079,Gandaki Pradesh,Tanahun,Tanahun - Constituency 1,Ramchandra Poudel,Nepali Congress,"25,361"
230,Nepal,Parliament & Provincial Election 2079,Federal Parliament 2079,Gandaki Pradesh,Tanahun,Tanahun - Constituency 2,Shankar Bhandari,Nepali Congress,"30,604"
231,Nepal,Parliament & Provincial Election 2074,Federal Parliament 2074,Gandaki Pradesh,Tanahun,Constituency : 1,Krishna Kumar Shrestha,CPN-UML,"34,492"
232,Nepal,Parliament & Provincial Election 2074,Federal Parliament 2074,Gandaki Pradesh,Tanahun,Constituency : 2,Kedar Sigdel,CPN-UML,"32,924"
233,Nepal,Parliament & Provincial Election 2079,Federal Parliament 2079,Gandaki Pradesh,Tanahun,"Tanahun - 1, By - Election 2081",Swarnim Wagle,Rastriya Swatantra Party,"34,919"
234,Nepal,Parliament & Provincial Election 2079,Federal Parliament 2079,Gandaki Pradesh,Syangja,Syangja - Constituency 1,Raju Thapa,Nepali Congress,"31,999"
235,Nepal,Parliament & Provincial Election 2079,Federal Parliament 2079,Gandaki Pradesh,Syangja,Syangja - Constituency 2,Dhanaraj Gurung,Nepali Congress,"31,466"
236,Nepal,Parliament & Provincial Election 2074,Federal Parliament 2074,Gandaki Pradesh,Syangja,Constituency : 1,Narayan Prasad Marasini,CPN-UML,"39,226"
237,Nepal,Parliament & Provincial Election 2074,Federal Parliament 2074,Gandaki Pradesh,Syangja,Constituency : 2,Padma Kumari Aryal,CPN-UML,"35,142"
239,Nepal,Parliament & Provincial Election 2079,Federal Parliament 2079,Gandaki Pradesh,Kaski,Kaski - Constituency 1,Man Bahadur Gurung,CPN UML,"25,708"
240,Nepal,Parliament & Provincial Election 2079,Federal Parliament 2079,Gandaki Pradesh,Kaski,Kaski - Constituency 2,Bidhya Bhattarai,CPN UML,"16,998"
241,Nepal,Parliament & Provincial Election 2079,Federal Parliament 2079,Gandaki Pradesh,Kaski,Kaski - Constituency 3,Damodar Paudel Bairagi,CPN UML,"22,980"
242,Nepal,Parliament & Provincial Election 2074,Federal Parliament 2074,Gandaki Pradesh,Kaski,Constituency : 1,Khagaraj Adhikari,CPN-UML,"39,242"
243,Nepal,Parliament & Provincial Election 2074,Federal Parliament 2074,Gandaki Pradesh,Kaski,Constituency : 2,Rabindra Adhikari,CPN-UML,"27,207"
244,Nepal,Parliament & Provincial Election 2074,Federal Parliament 2074,Gandaki Pradesh,Kaski,Constituency : 3,Jagat Bahadur Sunar (BK),CPN-UML,"32,690"
246,Nepal,Parliament & Provincial Election 2079,Federal Parliament 2079,Gandaki Pradesh,Manang,Manang - Constituency 1,Tek Bahadur Gurung,Nepali Congress,"2,575"
247,Nepal,Parliament & Provincial Election 2074,Federal Parliament 2074,Gandaki Pradesh,Manang,Constituency : 1,Palden Chopang Gurung,CPN-UML,"2,300"
249,Nepal,Parliament & Provincial Election 2079,Federal Parliament 2079,Gandaki Pradesh,Mustang,Mustang - Constituency 1,Yogesh Gauchan Thakali,Nepali Congress,"3,992"
250,Nepal,Parliament & Provincial Election 2074,Federal Parliament 2074,Gandaki Pradesh,Mustang,Constituency : 1,Prem Prasad Tulachan,CPN-UML,"3,544"
252,Nepal,Parliament & Provincial Election 2079,Federal Parliament 2079,Gandaki Pradesh,Parbat,Parbat - Constituency 1,Padam Giri,CPN UML,"29,872"
253,Nepal,Parliament & Provincial Election 2074,Federal Parliament 2074,Gandaki Pradesh,Parbat,Constituency : 1,Padam Giri,CPN-UML,"39,275"
255,Nepal,Parliament & Provincial Election 2079,Federal Parliament 2079,Gandaki Pradesh,Myagdi,Myagdi - Constituency 1,Kham Bahadur Garbuja,Nepali Congress,"24,021"
256,Nepal,Parliament & Provincial Election 2074,Federal Parliament 2074,Gandaki Pradesh,Myagdi,Constituency : 1,Bhupendra Bahadur Thapa,CPN-UML,"23,308"
258,Nepal,Parliament & Provincial Election 2079,Federal Parliament 2079,Gandaki Pradesh,Baglung,Baglung - Constituency 1,Chitra Bahadur KC,Rastriya Janamorcha,"21,464"
259,Nepal,Parliament & Provincial Election 2079,Federal Parliament 2079,Gandaki Pradesh,Baglung,Baglung - Constituency 2,Devendra Paudel,CPN Maoist,"24,794"
260,Nepal,Parliament & Provincial Election 2074,Federal Parliament 2074,Gandaki Pradesh,Baglung,Constituency : 1,Surya Prasad Pathak,CPN-UML,"33,657"
261,Nepal,Parliament & Provincial Election 2074,Federal Parliament 2074,Gandaki Pradesh,Baglung,Constituency : 2,Devendra Poudel,Maoist Centre,"28,827"
263,Nepal,Parliament & Provincial Election 2079,Federal Parliament 2079,Gandaki Pradesh,Nawalparasi East,Nawalparasi East - Constituency 1,Shashank Koirala,Nepali Congress,"27,067"
264,Nepal,Parliament & Provincial Election 2079,Federal Parliament 2079,Gandaki Pradesh,Nawalparasi East,Nawalparasi East - Constituency 2,Bishnu Kumar Karki,Nepali Congress,"36,132"
265,Nepal,Parliament & Provincial Election 2074,Federal Parliament 2074,Gandaki Pradesh,Nawalparasi East,Constituency : 1,Shashank Koirala,Nepali Congress,"37,373"
266,Nepal,Parliament & Provincial Election 2074,Federal Parliament 2074,Gandaki Pradesh,Nawalparasi East,Constituency : 2,Tilak Mahat,CPN-UML,"39,053"
268,Nepal,Parliament & Provincial Election 2079,Federal Parliament 2079,Lumbini Pradesh,Gulmi,Gulmi - Constituency 1,Chandrakant Bhandari,Nepali Congress,"33,744"
269,Nepal,Parliament & Provincial Election 2079,Federal Parliament 2079,Lumbini Pradesh,Gulmi,Gulmi - Constituency 2,Gokarna Raj Bista,CPN UML,"28,476"
270,Nepal,Parliament & Provincial Election 2074,Federal Parliament 2074,Lumbini Pradesh,Gulmi,Constituency : 1,Pradip Kumar Gyawali,CPN-UML,"37,814"
271,Nepal,Parliament & Provincial Election 2074,Federal Parliament 2074,Lumbini Pradesh,Gulmi,Constituency : 2,Gokarna Bista,CPN-UML,"34,618"
273,Nepal,Parliament & Provincial Election 2079,Federal Parliament 2079,Lumbini Pradesh,Palpa,Palpa - Constituency 1,Narayan Prasad Acharya,CPN UML,"31,103"
274,Nepal,Parliament & Provincial Election 2079,Federal Parliament 2079,Lumbini Pradesh,Palpa,Palpa - Constituency 2,Thakur Prasad Gaire,CPN UML,"28,645"
275,Nepal,Parliament & Provincial Election 2074,Federal Parliament 2074,Lumbini Pradesh,Palpa,Constituency : 1,Dal Bahadur Rana,CPN-UML,"32,549"
276,Nepal,Parliament & Provincial Election 2074,Federal Parliament 2074,Lumbini Pradesh,Palpa,Constituency : 2,Som Prasad Panday,CPN-UML,"34,899"
278,Nepal,Parliament & Provincial Election 2079,Federal Parliament 2079,Lumbini Pradesh,Rupandehi,Rupandehi - Constituency 1,Chhabilal Biswakarma,CPN UML,"24,882"
279,Nepal,Parliament & Provincial Election 2079,Federal Parliament 2079,Lumbini Pradesh,Rupandehi,Rupandehi - Constituency 2,Bishnu Prasad Paudel,CPN UML,"27,148"
280,Nepal,Parliament & Provincial Election 2079,Federal Parliament 2079,Lumbini Pradesh,Rupandehi,Rupandehi - Constituency 3,Dipak Bohara,Rastriya Prajatantra Party,"36,717"
281,Nepal,Parliament & Provincial Election 2079,Federal Parliament 2079,Lumbini Pradesh,Rupandehi,Rupandehi - Constituency 4,Sarbendra Nath Shukla,Loktantrik Samajwadi Party,"28,000"
282,Nepal,Parliament & Provincial Election 2079,Federal Parliament 2079,Lumbini Pradesh,Rupandehi,Rupandehi - Constituency 5,Basudev Ghimire,CPN UML,"36,822"
283,Nepal,Parliament & Provincial Election 2074,Federal Parliament 2074,Lumbini Pradesh,Rupandehi,Constituency : 1,Chabilal BK,CPN-UML,"34,752"
284,Nepal,Parliament & Provincial Election 2074,Federal Parliament 2074,Lumbini Pradesh,Rupandehi,Constituency : 2,Bishnu Poudel,CPN-UML,"44,009"
285,Nepal,Parliament & Provincial Election 2074,Federal Parliament 2074,Lumbini Pradesh,Rupandehi,Constituency : 3,Ghana Shyam Bhusal,CPN-UML,"32,866"
286,Nepal,Parliament & Provincial Election 2074,Federal Parliament 2074,Lumbini Pradesh,Rupandehi,Constituency : 4,Pramod Kumar Yadav,Nepali Congress,"31,718"
287,Nepal,Parliament & Provincial Election 2074,Federal Parliament 2074,Lumbini Pradesh,Rupandehi,Constituency : 5,Bharat Kumar Sah,Nepali Congress,"33,088"
289,Nepal,Parliament & Provincial Election 2079,Federal Parliament 2079,Lumbini Pradesh,Arghakhanchi,Arghakhanchi - Constituency 1,Top Bahadur Rayamajhi,CPN UML,"42,675"
290,Nepal,Parliament & Provincial Election 2074,Federal Parliament 2074,Lumbini Pradesh,Arghakhanchi,Constituency : 1,Top Bahadur Rayamajhi,Maoist Centre,"50,837"
292,Nepal,Parliament & Provincial Election 2079,Federal Parliament 2079,Lumbini Pradesh,Kapilvastu,Kapilvastu - Constituency 1,Bal Ram Adhikari,CPN UML,"34,675"
293,Nepal,Parliament & Provincial Election 2079,Federal Parliament 2079,Lumbini Pradesh,Kapilvastu,Kapilvastu - Constituency 2,Surendra Raj Aacharya,Nepali Congress,"39,014"
294,Nepal,Parliament & Provincial Election 2079,Federal Parliament 2079,Lumbini Pradesh,Kapilvastu,Kapilvastu - Constituency 3,Mangal Prasad Gupta,CPN UML,"22,619"
295,Nepal,Parliament & Provincial Election 2074,Federal Parliament 2074,Lumbini Pradesh,Kapilvastu,Constituency : 1,Chakrapadi Khanal,Maoist Centre,"29,799"
296,Nepal,Parliament & Provincial Election 2074,Federal Parliament 2074,Lumbini Pradesh,Kapilvastu,Constituency : 2,Brijesh Kumar Gupta,CPN-UML,"35,147"
297,Nepal,Parliament & Provincial Election 2074,Federal Parliament 2074,Lumbini Pradesh,Kapilvastu,Constituency : 3,Abhishek Pratap Shah,Nepali Congress,"20,001"
299,Nepal,Parliament & Provincial Election 2079,Federal Parliament 2079,Lumbini Pradesh,Pyuthan,Pyuthan - Constituency 1,Surya Bahadur Thapa Chhetri,CPN UML,"41,118"
300,Nepal,Parliament & Provincial Election 2074,Federal Parliament 2074,Lumbini Pradesh,Pyuthan,Constituency : 1,Durga Poudel,Rastriya Janamorcha,"47,514"
302,Nepal,Parliament & Provincial Election 2079,Federal Parliament 2079,Lumbini Pradesh,Rolpa,Rolpa - Constituency 1,Barsha Man Pun,CPN Maoist,"41,714"
303,Nepal,Parliament & Provincial Election 2074,Federal Parliament 2074,Lumbini Pradesh,Rolpa,Constituency : 1,Barsha Man Pun,Maoist Centre,"40,647"
305,Nepal,Parliament & Provincial Election 2079,Federal Parliament 2079,Lumbini Pradesh,Dang,Dang - Constituency 1,Metmani Chaudhary,CPN (Unified Socialist),"26,576"
306,Nepal,Parliament & Provincial Election 2079,Federal Parliament 2079,Lumbini Pradesh,Dang,Dang - Constituency 2,Rekha Sharma,CPN Maoist,"26,880"
307,Nepal,Parliament & Provincial Election 2079,Federal Parliament 2079,Lumbini Pradesh,Dang,Dang - Constituency 3,Dipak Giri,Nepali Congress,"36,911"
308,Nepal,Parliament & Provincial Election 2074,Federal Parliament 2074,Lumbini Pradesh,Dang,Constituency : 1,Metmani Chaudhary,CPN-UML,"37,908"
309,Nepal,Parliament & Provincial Election 2074,Federal Parliament 2074,Lumbini Pradesh,Dang,Constituency : 2,Krishna Bahadur Mahara,Maoist Centre,"40,042"
310,Nepal,Parliament & Provincial Election 2074,Federal Parliament 2074,Lumbini Pradesh,Dang,Constituency : 3,Hira Chandra KC,CPN-UML,"40,287"
312,Nepal,Parliament & Provincial Election 2079,Federal Parliament 2079,Lumbini Pradesh,Bardiya,Bardiya - Constituency 1,Sanjay Kumar Gautam,Nepali Congress,"30,611"
313,Nepal,Parliament & Provincial Election 2079,Federal Parliament 2079,Lumbini Pradesh,Bardiya,Bardiya - Constituency 2,Lal Bir Chaudhary,Independent,"26,520"
314,Nepal,Parliament & Provincial Election 2074,Federal Parliament 2074,Lumbini Pradesh,Bardiya,Constituency : 1,Sanjay Kumar Gautam,Nepali Congress,"44,834"
315,Nepal,Parliament & Provincial Election 2074,Federal Parliament 2074,Lumbini Pradesh,Bardiya,Constituency : 2,Santa Kumar Tharu,Maoist Centre,"50,555"
317,Nepal,Parliament & Provincial Election 2079,Federal Parliament 2079,Lumbini Pradesh,Banke,Banke - Constituency 1,Surya Prasad Dhakal,CPN UML,"25,026"
318,Nepal,Parliament & Provincial Election 2079,Federal Parliament 2079,Lumbini Pradesh,Banke,Banke - Constituency 2,Dhawal ShamSher Jung Bahadur Rana,Rastriya Prajatantra Party,"29,577"
319,Nepal,Parliament & Provincial Election 2079,Federal Parliament 2079,Lumbini Pradesh,Banke,Banke - Constituency 3,Kishore Singh Rathor,Nepali Congress,"29,097"
320,Nepal,Parliament & Provincial Election 2074,Federal Parliament 2074,Lumbini Pradesh,Banke,Constituency : 1,Maheshwor Jung Gahatraj,Maoist Centre,"31,173"
321,Nepal,Parliament & Provincial Election 2074,Federal Parliament 2074,Lumbini Pradesh,Banke,Constituency : 2,Mohammad Ishtiaq Rai,SSF,"21,575"
322,Nepal,Parliament & Provincial Election 2074,Federal Parliament 2074,Lumbini Pradesh,Banke,Constituency : 3,Nanda Lal Roka Chhetri,CPN-UML,"31,601"
324,Nepal,Parliament & Provincial Election 2079,Federal Parliament 2079,Lumbini Pradesh,Nawalparasi West,Nawalparasi West - Constituency 1,Binod Kumar Chaudhary,Nepali Congress,"29,519"
325,Nepal,Parliament & Provincial Election 2079,Federal Parliament 2079,Lumbini Pradesh,Nawalparasi West,Nawalparasi West - Constituency 2,Dhurba Bahadur Pradhan,Rastriya Prajatantra Party,"34,764"
326,Nepal,Parliament & Provincial Election 2074,Federal Parliament 2074,Lumbini Pradesh,Nawalparasi West,Constituency : 1,Hridayesh Tripathi,CPN-UML,"38,592"
327,Nepal,Parliament & Provincial Election 2074,Federal Parliament 2074,Lumbini Pradesh,Nawalparasi West,Constituency : 2,Devendra Raj Kandel,Nepali Congress,"34,130"
329,Nepal,Parliament & Provincial Election 2079,Federal Parliament 2079,Lumbini Pradesh,Rukum East,Rukum East - Constituency 1,Purna Bahadur Gharti Magar,CPN Maoist,"12,262"
330,Nepal,Parliament & Provincial Election 2074,Federal Parliament 2074,Lumbini Pradesh,Rukum East,Constituency : 1,Kamal Roka,Maoist Centre,"10,434"
332,Nepal,Parliament & Provincial Election 2079,Federal Parliament 2079,Karnali Pradesh,Rukum West,Rukum West - Constituency 1,Janardan Sharma,CPN Maoist,"39,549"
333,Nepal,Parliament & Provincial Election 2074,Federal Parliament 2074,Karnali Pradesh,Rukum West,Constituency : 1,Janardan Sharma,Maoist Centre,"34,402"
335,Nepal,Parliament & Provincial Election 2079,Federal Parliament 2079,Karnali Pradesh,Salyan,Salyan - Constituency 1,Prakash Juwala,CPN (Unified Socialist),"35,707"
336,Nepal,Parliament & Provincial Election 2074,Federal Parliament 2074,Karnali Pradesh,Salyan,Constituency : 1,Tek Bahadur Basnet,Maoist Centre,"40,897"
338,Nepal,Parliament & Provincial Election 2079,Federal Parliament 2079,Karnali Pradesh,Surkhet,Surkhet - Constituency 1,purna Bahadur Khadka,Nepali Congress,"42,607"
339,Nepal,Parliament & Provincial Election 2079,Federal Parliament 2079,Karnali Pradesh,Surkhet,Surkhet - Constituency 2,Hridyaram Thani,Nepali Congress,"34,625"
340,Nepal,Parliament & Provincial Election 2074,Federal Parliament 2074,Karnali Pradesh,Surkhet,Constituency : 1,Dhurba Kumar Shahi,CPN-UML,"36,759"
341,Nepal,Parliament & Provincial Election 2074,Federal Parliament 2074,Karnali Pradesh,Surkhet,Constituency : 2,Nawaraj Rawat,CPN-UML,"37,447"
343,Nepal,Parliament & Provincial Election 2079,Federal Parliament 2079,Karnali Pradesh,Dailekh,Dailekh - Constituency 1,Amar Bahadur Thapa,CPN (Unified Socialist),"18,297"
344,Nepal,Parliament & Provincial Election 2079,Federal Parliament 2079,Karnali Pradesh,Dailekh,Dailekh - Constituency 2,Dikpal Kumar Shahi,Nepali Congress,"20,183"
345,Nepal,Parliament & Provincial Election 2074,Federal Parliament 2074,Karnali Pradesh,Dailekh,Constituency : 1,Rabindra Raj Sharma,CPN-UML,"23,773"
346,Nepal,Parliament & Provincial Election 2074,Federal Parliament 2074,Karnali Pradesh,Dailekh,Constituency : 2,Raj Bahadur Buda,CPN-UML,"23,323"
348,Nepal,Parliament & Provincial Election 2079,Federal Parliament 2079,Karnali Pradesh,Jajarkot,Jajarkot - Constituency 1,Shakti Bahadur Basnet,CPN Maoist,"34,151"
349,Nepal,Parliament & Provincial Election 2074,Federal Parliament 2074,Karnali Pradesh,Jajarkot,Constituency : 1,Shakti Bahadur Basnet,Maoist Centre,"32,281"
351,Nepal,Parliament & Provincial Election 2079,Federal Parliament 2079,Karnali Pradesh,Dolpa,Dolpa - Constituency 1,Dhan Bahadur Budha,CPN (Unified Socialist),"11,292"
352,Nepal,Parliament & Provincial Election 2074,Federal Parliament 2074,Karnali Pradesh,Dolpa,Constituency : 1,Dhan Bahadur Buda,CPN-UML,"11,761"
354,Nepal,Parliament & Provincial Election 2079,Federal Parliament 2079,Karnali Pradesh,Humla,Humla - Constituency 1,Tshering Dhamdul Lama(Bhote),CPN Maoist,"14,371"
355,Nepal,Parliament & Provincial Election 2074,Federal Parliament 2074,Karnali Pradesh,Humla,Constituency : 1,Chakka Bahadur Lama,Independent.,"8,491"
357,Nepal,Parliament & Provincial Election 2079,Federal Parliament 2079,Karnali Pradesh,Kalikot,Kalikot - Constituency 1,Mahendra Bahadur Shahi,CPN Maoist,"23,727"
358,Nepal,Parliament & Provincial Election 2074,Federal Parliament 2074,Karnali Pradesh,Kalikot,Constituency : 1,Durga Bahadur Rawat,Maoist Centre,"21,112"
360,Nepal,Parliament & Provincial Election 2079,Federal Parliament 2079,Karnali Pradesh,Mugu,Mugu - Constituency 1,Aain Bahadur Shahi Thakuri,Nepali Congress,"14,706"
361,Nepal,Parliament & Provincial Election 2074,Federal Parliament 2074,Karnali Pradesh,Mugu,Constituency : 1,Gopal Bahadur Bam,CPN-UML,"13,034"
363,Nepal,Parliament & Provincial Election 2079,Federal Parliament 2079,Karnali Pradesh,Jumla,Jumla - Constituency 1,Ghyan Bahadur Shahi,Rastriya Prajatantra Party,"22,819"
364,Nepal,Parliament & Provincial Election 2074,Federal Parliament 2074,Karnali Pradesh,Jumla,Constituency : 1,Gajendra Bahadur Mahat,Maoist Centre,"22,173"
366,Nepal,Parliament & Provincial Election 2079,Federal Parliament 2079,Sudurpaschim Pradesh,Bajhang,Bajhang - Constituency 1,Bhanubhakta Joshi,CPN (Unified Socialist),"28,413"
367,Nepal,Parliament & Provincial Election 2074,Federal Parliament 2074,Sudurpaschim Pradesh,Bajhang,Constituency : 1,Bhairab Bahadur Singh,CPN-UML,"32,167"
369,Nepal,Parliament & Provincial Election 2079,Federal Parliament 2079,Sudurpaschim Pradesh,Achham,Achham - Constituency 1,Sher Bahadur Kunwar,CPN (Unified Socialist),"19,534"
370,Nepal,Parliament & Provincial Election 2079,Federal Parliament 2079,Sudurpaschim Pradesh,Achham,Achham - Constituency 2,Puspa Bahadur Shah,Nepali Congress,"22,954"
371,Nepal,Parliament & Provincial Election 2074,Federal Parliament 2074,Sudurpaschim Pradesh,Achham,Constituency : 1,Bhim Bahadur Rawal,CPN-UML,"24,883"
372,Nepal,Parliament & Provincial Election 2074,Federal Parliament 2074,Sudurpaschim Pradesh,Achham,Constituency : 2,Yagya Bahadur Bogati,CPN-UML,"21,965"
374,Nepal,Parliament & Provincial Election 2079,Federal Parliament 2079,Sudurpaschim Pradesh,Doti,Doti - Constituency 1,Prem Bahadur Ale,CPN (Unified Socialist),"27,210"
375,Nepal,Parliament & Provincial Election 2074,Federal Parliament 2074,Sudurpaschim Pradesh,Doti,Constituency : 1,Prem Bahadur Ale,CPN-UML,"32,510"
377,Nepal,Parliament & Provincial Election 2079,Federal Parliament 2079,Sudurpaschim Pradesh,Kailali,Kailali - Constituency 1,Ranjita Shrestha,Nagarik Unmukti Party,"30,404"
378,Nepal,Parliament & Provincial Election 2079,Federal Parliament 2079,Sudurpaschim Pradesh,Kailali,Kailali - Constituency 2,Arun Kumar Chaudhary,Nagarik Unmukti Party,"21,871"
379,Nepal,Parliament & Provincial Election 2079,Federal Parliament 2079,Sudurpaschim Pradesh,Kailali,Kailali - Constituency 3,Ganga Ram Chaudhary,Nagarik Unmukti Party,"23,120"
380,Nepal,Parliament & Provincial Election 2079,Federal Parliament 2079,Sudurpaschim Pradesh,Kailali,Kailali - Constituency 4,Bir Bahadur Balayar,Nepali Congress,"26,275"
381,Nepal,Parliament & Provincial Election 2079,Federal Parliament 2079,Sudurpaschim Pradesh,Kailali,Kailali - Constituency 5,Dilli Raj Pant,Nepali Congress,"21,392"
382,Nepal,Parliament & Provincial Election 2074,Federal Parliament 2074,Sudurpaschim Pradesh,Kailali,Constituency : 1,Resham Chaudhary,RJP,"34,341"
383,Nepal,Parliament & Provincial Election 2074,Federal Parliament 2074,Sudurpaschim Pradesh,Kailali,Constituency : 2,Jhapat Bahadur Rawal,CPN-UML,"25,157"
384,Nepal,Parliament & Provincial Election 2074,Federal Parliament 2074,Sudurpaschim Pradesh,Kailali,Constituency : 3,Gauri Shankar Chaudhary,Maoist Centre,"24,862"
385,Nepal,Parliament & Provincial Election 2074,Federal Parliament 2074,Sudurpaschim Pradesh,Kailali,Constituency : 4,Lekhraj Bhatta,Maoist Centre,"27,544"
386,Nepal,Parliament & Provincial Election 2074,Federal Parliament 2074,Sudurpaschim Pradesh,Kailali,Constituency : 5,Narad Muni Rana,CPN-UML,"27,202"
388,Nepal,Parliament & Provincial Election 2079,Federal Parliament 2079,Sudurpaschim Pradesh,Kanchanpur,Kanchanpur - Constituency 1,Tara Lama Tamang,CPN UML,"24,943"
389,Nepal,Parliament & Provincial Election 2079,Federal Parliament 2079,Sudurpaschim Pradesh,Kanchanpur,Kanchanpur - Constituency 2,Narayan Prakash Saud,Nepali Congress,"28,136"
390,Nepal,Parliament & Provincial Election 2079,Federal Parliament 2079,Sudurpaschim Pradesh,Kanchanpur,Kanchanpur - Constituency 3,Ramesh Lekhak,Nepali Congress,"30,575"
391,Nepal,Parliament & Provincial Election 2074,Federal Parliament 2074,Sudurpaschim Pradesh,Kanchanpur,Constituency : 1,Bina Magar,Maoist Centre,"38,467"
392,Nepal,Parliament & Provincial Election 2074,Federal Parliament 2074,Sudurpaschim Pradesh,Kanchanpur,Constituency : 2,Nar Bahadur Dhami,CPN-UML,"33,220"
393,Nepal,Parliament & Provincial Election 2074,Federal Parliament 2074,Sudurpaschim Pradesh,Kanchanpur,Constituency : 3,Dip Prakash Bhatta,CPN-UML,"26,364"
395,Nepal,Parliament & Provincial Election 2079,Federal Parliament 2079,Sudurpaschim Pradesh,Dadeldhura,Dadeldhura - Constituency 1,Sher Bahadur Deuba,Nepali Congress,"25,534"
396,Nepal,Parliament & Provincial Election 2074,Federal Parliament 2074,Sudurpaschim Pradesh,Dadeldhura,Constituency : 1,Sher Bahadur Deuba,Nepali Congress,"28,044"
398,Nepal,Parliament & Provincial Election 2079,Federal Parliament 2079,Sudurpaschim Pradesh,Baitadi,Baitadi - Constituency 1,Damodar Bhandari,CPN UML,"33,611"
399,Nepal,Parliament & Provincial Election 2074,Federal Parliament 2074,Sudurpaschim Pradesh,Baitadi,Constituency : 1,Damodar Bhandari,CPN-UML,"39,524"
401,Nepal,Parliament & Provincial Election 2079,Federal Parliament 2079,Sudurpaschim Pradesh,Darchula,Darchula - Constituency 1,Dilendra Prasad Badu,Nepali Congress,"28,515"
402,Nepal,Parliament & Provincial Election 2074,Federal Parliament 2074,Sudurpaschim Pradesh,Darchula,Constituency : 1,Ganesh Singh Thagunna,CPN-UML,"28,998"
404,Nepal,Parliament & Provincial Election 2079,Federal Parliament 2079,Sudurpaschim Pradesh,Bajura,Bajura - Constituency 1,Bhadri Prasad Pandey,Nepali Congress,"31,786"
405,Nepal,Parliament & Provincial Election 2074,Federal Parliament 2074,Sudurpaschim Pradesh,Bajura,Constituency : 1,Lal Bahadur Thapa,CPN-UML,"28,065"
