,country,election name,provincial election,province,district,constituency no,name,party name,received votes
0,Nepal,Parliament & Provincial Election 2079,Provincial Election,Pradesh 1,Taplejung,Constituency : 1 (1),Til Kumar Menwang,CPN UML,"12,772"
1,Nepal,Parliament & Provincial Election 2079,Provincial Election,Pradesh 1,Taplejung,Constituency : 1 (2),Khagen Singh Hangam,Nepali Congress,"10,496"
2,Nepal,Parliament & Provincial Election 2079,Provincial Election,Pradesh 1,Panchthar,Constituency : 1 (1),Kamal Prasad Jabegu,CPN (Unified Socialist),"16,849"
3,Nepal,Parliament & Provincial Election 2079,Provincial Election,Pradesh 1,Panchthar,Constituency : 1 (2),Indra Bahadur Angwo,CPN Maoist,"15,685"
4,Nepal,Parliament & Provincial Election 2079,Provincial Election,Pradesh 1,Illam,Constituency : 1 (1),Khinu Langwa (Limbu),CPN (Unified Socialist),"13,371"
5,Nepal,Parliament & Provincial Election 2079,Provincial Election,Pradesh 1,Illam,Constituency : 1 (2),Shemser Rai,Nepali Congress,"12,780"
6,Nepal,Parliament & Provincial Election 2079,Provincial Election,Pradesh 1,Illam,Constituency : 2 (1),Govinda Giri,Nepali Congress,"16,658"
7,Nepal,Parliament & Provincial Election 2079,Provincial Election,Pradesh 1,Illam,Constituency : 2 (2),Ram Bahadur Magar,CPN UML,"13,754"
8,Nepal,Parliament & Provincial Election 2079,Provincial Election,Pradesh 1,Jhapa,Constituency : 1 (1),Gopal Tamang,Nepali Congress,"23,045"
9,Nepal,Parliament & Provincial Election 2079,Provincial Election,Pradesh 1,Jhapa,Constituency : 1 (2),Sabina Bhajgai,Rastriya Prajatantra Party,"13,621"
10,Nepal,Parliament & Provincial Election 2079,Provincial Election,Pradesh 1,Jhapa,Constituency : 2 (1),Yekraj Karki,CPN UML,"18,758"
11,Nepal,Parliament & Provincial Election 2079,Provincial Election,Pradesh 1,Jhapa,Constituency : 2 (2),Tilchan Phatak,CPN UML,"20,184"
12,Nepal,Parliament & Provincial Election 2079,Provincial Election,Pradesh 1,Jhapa,Constituency : 3 (1),Bhumi Prasad Rajbanshi,Nepali Congress,"20,770"
13,Nepal,Parliament & Provincial Election 2079,Provincial Election,Pradesh 1,Jhapa,Constituency : 3 (2),Chabilal Chudal,CPN UML,"19,875"
14,Nepal,Parliament & Provincial Election 2079,Provincial Election,Pradesh 1,Jhapa,Constituency : 4 (1),Radha Krishna Khanal,CPN UML,"13,951"
15,Nepal,Parliament & Provincial Election 2079,Provincial Election,Pradesh 1,Jhapa,Constituency : 4 (2),Bhakti Prasad Sitaula,Rastriya Prajatantra Party,"19,045"
16,Nepal,Parliament & Provincial Election 2079,Provincial Election,Pradesh 1,Jhapa,Constituency : 5 (1),Hikmat Kumar Karki,CPN UML,"22,530"
17,Nepal,Parliament & Provincial Election 2079,Provincial Election,Pradesh 1,Jhapa,Constituency : 5 (2),Hom Bahadur Thapa,CPN UML,"24,129"
18,Nepal,Parliament & Provincial Election 2079,Provincial Election,Pradesh 1,Morang,Constituency : 1 (1),Umakanta Gautam,CPN UML,"13,531"
19,Nepal,Parliament & Provincial Election 2079,Provincial Election,Pradesh 1,Morang,Constituency : 1 (2),Khadga Bahadur Basnet,CPN UML,"14,539"
20,Nepal,Parliament & Provincial Election 2079,Provincial Election,Pradesh 1,Morang,Constituency : 2 (1),Ganesh Prasad Upreti,CPN Maoist,"14,933"
21,Nepal,Parliament & Provincial Election 2079,Provincial Election,Pradesh 1,Morang,Constituency : 2 (2),Lila Ballav Adhikari,CPN UML,"17,752"
22,Nepal,Parliament & Provincial Election 2079,Provincial Election,Pradesh 1,Morang,Constituency : 3 (1),Manbahadur Limbu,Nepali Congress,"19,749"
23,Nepal,Parliament & Provincial Election 2079,Provincial Election,Pradesh 1,Morang,Constituency : 3 (2),Gyanendra Subedi,CPN UML,"17,428"
24,Nepal,Parliament & Provincial Election 2079,Provincial Election,Pradesh 1,Morang,Constituency : 4 (1),Jay Prakash Chaudhary,CPN UML,"15,465"
25,Nepal,Parliament & Provincial Election 2079,Provincial Election,Pradesh 1,Morang,Constituency : 4 (2),Bhim Parajuli,Nepali Congress,"11,479"
26,Nepal,Parliament & Provincial Election 2079,Provincial Election,Pradesh 1,Morang,Constituency : 5 (1),Gayananda Mandal Gangai,Nepali Congress,"14,843"
27,Nepal,Parliament & Provincial Election 2079,Provincial Election,Pradesh 1,Morang,Constituency : 5 (2),Amrit Kumar Aryal,Nepali Congress,"16,102"
28,Nepal,Parliament & Provincial Election 2079,Provincial Election,Pradesh 1,Morang,Constituency : 6 (1),Jeewan Acharya,CPN Maoist,"19,454"
29,Nepal,Parliament & Provincial Election 2079,Provincial Election,Pradesh 1,Morang,Constituency : 6 (2),Kedar Karki,Nepali Congress,"10,431"
30,Nepal,Parliament & Provincial Election 2079,Provincial Election,Pradesh 1,Sunsari,Constituency : 1 (1),Ramesh Kumar Basnet,CPN UML,"11,102"
31,Nepal,Parliament & Provincial Election 2079,Provincial Election,Pradesh 1,Sunsari,Constituency : 1 (2),Bijay Kumar Rai,CPN UML,"12,465"
32,Nepal,Parliament & Provincial Election 2079,Provincial Election,Pradesh 1,Sunsari,Constituency : 2 (1),Rewati Raman Bhandari,CPN UML,"14,537"
33,Nepal,Parliament & Provincial Election 2079,Provincial Election,Pradesh 1,Sunsari,Constituency : 2 (2),Ram Prasad Mahato,CPN UML,"18,209"
34,Nepal,Parliament & Provincial Election 2079,Provincial Election,Pradesh 1,Sunsari,Constituency : 3 (1),Rohit Bahadur Karki,CPN UML,"18,641"
35,Nepal,Parliament & Provincial Election 2079,Provincial Election,Pradesh 1,Sunsari,Constituency : 3 (2),Ramdev Yadav,CPN UML,"19,479"
36,Nepal,Parliament & Provincial Election 2079,Provincial Election,Pradesh 1,Sunsari,Constituency : 4 (1),Sadanad Mandal,Nepali Congress,"15,198"
37,Nepal,Parliament & Provincial Election 2079,Provincial Election,Pradesh 1,Sunsari,Constituency : 4 (2),Ishrail Mansuri,Nepali Congress,"14,358"
38,Nepal,Parliament & Provincial Election 2079,Provincial Election,Pradesh 1,Dhankuta,Constituency : 1 (1),Niraj Rai,CPN UML,"17,018"
39,Nepal,Parliament & Provincial Election 2079,Provincial Election,Pradesh 1,Dhankuta,Constituency : 1 (2),Indra Madi Parajuli,CPN UML,"15,797"
40,Nepal,Parliament & Provincial Election 2079,Provincial Election,Pradesh 1,Sankhuwasabha,Constituency : 1 (1),Rajendra Karki,CPN Maoist,"13,433"
41,Nepal,Parliament & Provincial Election 2079,Provincial Election,Pradesh 1,Sankhuwasabha,Constituency : 1 (2),Bidur Kumar Lingthep,CPN UML,"15,482"
42,Nepal,Parliament & Provincial Election 2079,Provincial Election,Pradesh 1,Bhojpur,Constituency : 1 (1),Rajendra Kumar Rai,CPN (Unified Socialist),"16,110"
43,Nepal,Parliament & Provincial Election 2079,Provincial Election,Pradesh 1,Bhojpur,Constituency : 1 (2),Binod Rai,Nepali Congress,"13,579"
44,Nepal,Parliament & Provincial Election 2079,Provincial Election,Pradesh 1,Terhathum,Constituency : 1 (1),Kishor Chandra Dulal,CPN UML,"10,063"
45,Nepal,Parliament & Provincial Election 2079,Provincial Election,Pradesh 1,Terhathum,Constituency : 1 (2),Durga Prasad Chapagain,CPN Maoist,"8,394"
46,Nepal,Parliament & Provincial Election 2079,Provincial Election,Pradesh 1,Okhaldhunga,Constituency : 1 (1),Pradip Kumar Sunuwar,Nepali Congress,"14,916"
47,Nepal,Parliament & Provincial Election 2079,Provincial Election,Pradesh 1,Okhaldhunga,Constituency : 1 (2),Baburam Gautam,CPN Maoist,"15,738"
48,Nepal,Parliament & Provincial Election 2079,Provincial Election,Pradesh 1,Khotang,Constituency : 1 (1),Pach Kand Rai,CPN UML,"13,157"
49,Nepal,Parliament & Provincial Election 2079,Provincial Election,Pradesh 1,Khotang,Constituency : 1 (2),Bhupendra Rai,Nepali Congress,"16,496"
50,Nepal,Parliament & Provincial Election 2079,Provincial Election,Pradesh 1,Solukhumbu,Constituency : 1 (1),Gombu Sherpa,CPN Maoist,"10,035"
51,Nepal,Parliament & Provincial Election 2079,Provincial Election,Pradesh 1,Solukhumbu,Constituency : 1 (2),Buddha Kumar Rajbhandari,CPN UML,"10,128"
52,Nepal,Parliament & Provincial Election 2079,Provincial Election,Pradesh 1,Udayapur,Constituency : 1 (1),Rajan Kiranti,CPN Maoist,"15,092"
53,Nepal,Parliament & Provincial Election 2079,Provincial Election,Pradesh 1,Udayapur,Constituency : 1 (2),Himal Karki,Nepali Congress,"14,979"
54,Nepal,Parliament & Provincial Election 2079,Provincial Election,Pradesh 1,Udayapur,Constituency : 2 (1),Narayan Bahadur Magar,CPN Maoist,"8,105"
55,Nepal,Parliament & Provincial Election 2079,Provincial Election,Pradesh 1,Udayapur,Constituency : 2 (2),,Nepali Congress,"12,627"
56,Nepal,Parliament & Provincial Election 2079,Provincial Election,Madhesh Pradesh,Saptari,Constituency : 1 (1),Raj Kumar Lekhi,CPN UML,"14,291"
57,Nepal,Parliament & Provincial Election 2079,Provincial Election,Madhesh Pradesh,Saptari,Constituency : 1 (2),Sakil Miya,Janamat Party,"16,155"
58,Nepal,Parliament & Provincial Election 2079,Provincial Election,Madhesh Pradesh,Saptari,Constituency : 2 (1),Satish Kumar Singh,Janamat Party,"16,734"
59,Nepal,Parliament & Provincial Election 2079,Provincial Election,Madhesh Pradesh,Saptari,Constituency : 2 (2),Mahesh Prasad Yadav,Janamat Party,"13,325"
60,Nepal,Parliament & Provincial Election 2079,Provincial Election,Madhesh Pradesh,Saptari,Constituency : 3 (1),Mohammad Samim,Nepali Congress,"10,630"
61,Nepal,Parliament & Provincial Election 2079,Provincial Election,Madhesh Pradesh,Saptari,Constituency : 3 (2),Shambu Kumar Shah,Janamat Party,"10,862"
62,Nepal,Parliament & Provincial Election 2079,Provincial Election,Madhesh Pradesh,Saptari,Constituency : 4 (1),Govind Bahadur Neupane,CPN (Unified Socialist),"11,429"
63,Nepal,Parliament & Provincial Election 2079,Provincial Election,Madhesh Pradesh,Saptari,Constituency : 4 (2),Anirudha Kumar Singh,Independent,"9,985"
64,Nepal,Parliament & Provincial Election 2079,Provincial Election,Madhesh Pradesh,Siraha,Constituency : 1 (1),Rajendra Chaudhary Tharu,CPN UML,"11,721"
65,Nepal,Parliament & Provincial Election 2079,Provincial Election,Madhesh Pradesh,Siraha,Constituency : 1 (2),Raj Kumar Gupta,Janata Samajwadi Party,"16,239"
66,Nepal,Parliament & Provincial Election 2079,Provincial Election,Madhesh Pradesh,Siraha,Constituency : 2 (1),Sanjay Kumar Yadav,Janamat Party,"12,171"
67,Nepal,Parliament & Provincial Election 2079,Provincial Election,Madhesh Pradesh,Siraha,Constituency : 2 (2),Shatrudhan Prasad Singh,CPN UML,"13,797"
68,Nepal,Parliament & Provincial Election 2079,Provincial Election,Madhesh Pradesh,Siraha,Constituency : 3 (1),Manoj Kumar Singh,CPN UML,"15,886"
69,Nepal,Parliament & Provincial Election 2079,Provincial Election,Madhesh Pradesh,Siraha,Constituency : 3 (2),Pramod Kumar Yadav,CPN (Unified Socialist),"9,976"
70,Nepal,Parliament & Provincial Election 2079,Provincial Election,Madhesh Pradesh,Siraha,Constituency : 4 (1),Tribhuwan Shah,Janamat Party,"8,229"
71,Nepal,Parliament & Provincial Election 2079,Provincial Election,Madhesh Pradesh,Siraha,Constituency : 4 (2),Ram Babu Yadav,Loktantrik Samajwadi Party,"9,763"
72,Nepal,Parliament & Provincial Election 2079,Provincial Election,Madhesh Pradesh,Dhanusa,Constituency : 1 (1),Sanjay Kumar Mahato,Nepali Congress,"10,955"
73,Nepal,Parliament & Provincial Election 2079,Provincial Election,Madhesh Pradesh,Dhanusa,Constituency : 1 (2),Ramchandra Mandal,CPN UML,"13,575"
74,Nepal,Parliament & Provincial Election 2079,Provincial Election,Madhesh Pradesh,Dhanusa,Constituency : 2 (1),Lakhan Das Tatma,CPN UML,"11,581"
75,Nepal,Parliament & Provincial Election 2079,Provincial Election,Madhesh Pradesh,Dhanusa,Constituency : 2 (2),Ram Ashish Yadav,Janata Samajwadi Party,"10,614"
76,Nepal,Parliament & Provincial Election 2079,Provincial Election,Madhesh Pradesh,Dhanusa,Constituency : 3 (1),Ram Saroj Yadav,Nepali Congress,"17,029"
77,Nepal,Parliament & Provincial Election 2079,Provincial Election,Madhesh Pradesh,Dhanusa,Constituency : 3 (2),,CPN UML,"8,220"
78,Nepal,Parliament & Provincial Election 2079,Provincial Election,Madhesh Pradesh,Dhanusa,Constituency : 4 (1),Sesh Narayan Yadav,Nepali Congress,"14,055"
79,Nepal,Parliament & Provincial Election 2079,Provincial Election,Madhesh Pradesh,Dhanusa,Constituency : 4 (2),Hari Narayan Mahato,CPN UML,"17,302"
80,Nepal,Parliament & Provincial Election 2079,Provincial Election,Madhesh Pradesh,Mahottari,Constituency : 1 (1),Sarada Devi Thapa,CPN UML,"8,304"
81,Nepal,Parliament & Provincial Election 2079,Provincial Election,Madhesh Pradesh,Mahottari,Constituency : 1 (2),Bahrat Prasad Shah,CPN Maoist,"8,371"
82,Nepal,Parliament & Provincial Election 2079,Provincial Election,Madhesh Pradesh,Mahottari,Constituency : 2 (1),Jayenul Rayin,Loktantrik Samajwadi Party,"11,424"
83,Nepal,Parliament & Provincial Election 2079,Provincial Election,Madhesh Pradesh,Mahottari,Constituency : 2 (2),Surita Kumari Shah,Independent,"8,568"
84,Nepal,Parliament & Provincial Election 2079,Provincial Election,Madhesh Pradesh,Mahottari,Constituency : 3 (1),Abhiram Sharma,Loktantrik Samajwadi Party,"9,892"
85,Nepal,Parliament & Provincial Election 2079,Provincial Election,Madhesh Pradesh,Mahottari,Constituency : 3 (2),Rani Kumari Tiwari,Loktantrik Samajwadi Party,"6,414"
86,Nepal,Parliament & Provincial Election 2079,Provincial Election,Madhesh Pradesh,Mahottari,Constituency : 4 (1),Saroj Kumar Yadav,CPN UML,"10,531"
87,Nepal,Parliament & Provincial Election 2079,Provincial Election,Madhesh Pradesh,Mahottari,Constituency : 4 (2),Saroj Kumar Singh,Janata Samajwadi Party,"11,486"
88,Nepal,Parliament & Provincial Election 2079,Provincial Election,Madhesh Pradesh,Sarlahi,Constituency : 1 (1),Upendra Mahato,Loktantrik Samajwadi Party,"12,265"
89,Nepal,Parliament & Provincial Election 2079,Provincial Election,Madhesh Pradesh,Sarlahi,Constituency : 1 (2),Bechi Lunggeli,CPN (Unified Socialist),"13,301"
90,Nepal,Parliament & Provincial Election 2079,Provincial Election,Madhesh Pradesh,Sarlahi,Constituency : 2 (1),Jangilaal Raye,Nepali Congress,"8,290"
91,Nepal,Parliament & Provincial Election 2079,Provincial Election,Madhesh Pradesh,Sarlahi,Constituency : 2 (2),Kaushal Kishor Raye,Nepali Congress,"9,626"
92,Nepal,Parliament & Provincial Election 2079,Provincial Election,Madhesh Pradesh,Sarlahi,Constituency : 3 (1),Jawaharlaal Kushwalha,Independent,"16,591"
93,Nepal,Parliament & Provincial Election 2079,Provincial Election,Madhesh Pradesh,Sarlahi,Constituency : 3 (2),Sanjay Kumar Yadav,Janata Samajwadi Party,"13,190"
94,Nepal,Parliament & Provincial Election 2079,Provincial Election,Madhesh Pradesh,Sarlahi,Constituency : 4 (1),Birendra Prasad Singh,Nepali Congress,"15,693"
95,Nepal,Parliament & Provincial Election 2079,Provincial Election,Madhesh Pradesh,Sarlahi,Constituency : 4 (2),Farik Mahato,CPN Maoist,"8,033"
96,Nepal,Parliament & Provincial Election 2079,Provincial Election,Madhesh Pradesh,Rauthat,Constituency : 1 (1),Nagendra Shah,Nepali Congress,"10,502"
97,Nepal,Parliament & Provincial Election 2079,Provincial Election,Madhesh Pradesh,Rauthat,Constituency : 1 (2),Prasad YadavKrishna,Nepali Congress,"12,489"
98,Nepal,Parliament & Provincial Election 2079,Provincial Election,Madhesh Pradesh,Rauthat,Constituency : 2 (1),Mohammad Jaid Aalam,CPN UML,"13,532"
99,Nepal,Parliament & Provincial Election 2079,Provincial Election,Madhesh Pradesh,Rauthat,Constituency : 2 (2),Kanis Patel,CPN (Unified Socialist),"10,442"
100,Nepal,Parliament & Provincial Election 2079,Provincial Election,Madhesh Pradesh,Rauthat,Constituency : 3 (1),Keshav Raye,Independent,"12,255"
101,Nepal,Parliament & Provincial Election 2079,Provincial Election,Madhesh Pradesh,Rauthat,Constituency : 3 (2),Sunil Kumar Yadav,Nepali Congress,"16,877"
102,Nepal,Parliament & Provincial Election 2079,Provincial Election,Madhesh Pradesh,Rauthat,Constituency : 4 (1),Yubraj Bhattarai,CPN Maoist,"15,368"
103,Nepal,Parliament & Provincial Election 2079,Provincial Election,Madhesh Pradesh,Rauthat,Constituency : 4 (2),Sekh Abulkalam Azad,Janata Samajwadi Party,"8,741"
104,Nepal,Parliament & Provincial Election 2079,Provincial Election,Madhesh Pradesh,Bara,Constituency : 1 (1),Trilok Prasad,CPN UML,"16,798"
105,Nepal,Parliament & Provincial Election 2079,Provincial Election,Madhesh Pradesh,Bara,Constituency : 1 (2),Saroj Kumar Yadav,Janata Samajwadi Party,"15,927"
106,Nepal,Parliament & Provincial Election 2079,Provincial Election,Madhesh Pradesh,Bara,Constituency : 2 (1),Sarada Shankar Prasad Kalwar,Independent,"9,295"
107,Nepal,Parliament & Provincial Election 2079,Provincial Election,Madhesh Pradesh,Bara,Constituency : 2 (2),Bachha Raut Ahir,Janata Samajwadi Party,"10,302"
108,Nepal,Parliament & Provincial Election 2079,Provincial Election,Madhesh Pradesh,Bara,Constituency : 3 (1),Rabindra Das Shrestha,CPN UML,"8,195"
109,Nepal,Parliament & Provincial Election 2079,Provincial Election,Madhesh Pradesh,Bara,Constituency : 3 (2),Mohammad Samir,CPN UML,"8,323"
110,Nepal,Parliament & Provincial Election 2079,Provincial Election,Madhesh Pradesh,Bara,Constituency : 4 (1),Devnarayan Tharu,CPN UML,"13,213"
111,Nepal,Parliament & Provincial Election 2079,Provincial Election,Madhesh Pradesh,Bara,Constituency : 4 (2),,Loktantrik Samajwadi Party,"13,596"
112,Nepal,Parliament & Provincial Election 2079,Provincial Election,Madhesh Pradesh,Parsa,Constituency : 1 (1),Rahabar Ansari,CPN Maoist,"7,817"
113,Nepal,Parliament & Provincial Election 2079,Provincial Election,Madhesh Pradesh,Parsa,Constituency : 1 (2),Laal Babu Raut,Janata Samajwadi Party,"7,545"
114,Nepal,Parliament & Provincial Election 2079,Provincial Election,Madhesh Pradesh,Parsa,Constituency : 2 (1),Shyam Prasad Patel,Nepali Congress,"13,784"
115,Nepal,Parliament & Provincial Election 2079,Provincial Election,Madhesh Pradesh,Parsa,Constituency : 2 (2),Ramesh Prasad Kurmi,Loktantrik Samajwadi Party,"9,471"
116,Nepal,Parliament & Provincial Election 2079,Provincial Election,Madhesh Pradesh,Parsa,Constituency : 3 (1),Pramod Kumar Jaiswal,Independent,"7,381"
117,Nepal,Parliament & Provincial Election 2079,Provincial Election,Madhesh Pradesh,Parsa,Constituency : 3 (2),Janardan Singh Chhetri,Nepali Congress,"10,172"
118,Nepal,Parliament & Provincial Election 2079,Provincial Election,Madhesh Pradesh,Parsa,Constituency : 4 (1),Shankar Prasad Chaudhary,Nepali Congress,"12,154"
119,Nepal,Parliament & Provincial Election 2079,Provincial Election,Madhesh Pradesh,Parsa,Constituency : 4 (2),Singhasan Sa Kalwar,Janata Samajwadi Party,"15,435"
120,Nepal,Parliament & Provincial Election 2079,Provincial Election,Bagmati Pradesh,Sindhuli,Constituency : 1 (1),Matrika Prasad Bhattarai,CPN Maoist,"15,853"
121,Nepal,Parliament & Provincial Election 2079,Provincial Election,Bagmati Pradesh,Sindhuli,Constituency : 1 (2),Ram Kumar Pahadi,Nepali Congress,"15,621"
122,Nepal,Parliament & Provincial Election 2079,Provincial Election,Bagmati Pradesh,Sindhuli,Constituency : 2 (1),Chetra Bahadur Bamjan,Nepali Congress,"16,835"
123,Nepal,Parliament & Provincial Election 2079,Provincial Election,Bagmati Pradesh,Sindhuli,Constituency : 2 (2),Ganga Narayan Shrestha,CPN Maoist,"13,001"
124,Nepal,Parliament & Provincial Election 2079,Provincial Election,Bagmati Pradesh,Ramechhap,Constituency : 1 (1),Tara Narayan Shrestha,CPN Maoist,"17,148"
125,Nepal,Parliament & Provincial Election 2079,Provincial Election,Bagmati Pradesh,Ramechhap,Constituency : 1 (2),Yub Raj Chaulagai,CPN Maoist,"22,979"
126,Nepal,Parliament & Provincial Election 2079,Provincial Election,Bagmati Pradesh,Dolkha,Constituency : 1 (1),Kundan Raj Kafle,Nepali Congress,"22,797"
127,Nepal,Parliament & Provincial Election 2079,Provincial Election,Bagmati Pradesh,Dolkha,Constituency : 1 (2),Bharat Bahadur K.C,CPN UML,"19,414"
128,Nepal,Parliament & Provincial Election 2079,Provincial Election,Bagmati Pradesh,Sindhupalchowk,Constituency : 1 (1),Masina Khadka,Nepali Congress,"14,652"
129,Nepal,Parliament & Provincial Election 2079,Provincial Election,Bagmati Pradesh,Sindhupalchowk,Constituency : 1 (2),Saral Sahayatri Poudel,CPN Maoist,"17,256"
130,Nepal,Parliament & Provincial Election 2079,Provincial Election,Bagmati Pradesh,Sindhupalchowk,Constituency : 2 (1),Yubraj Dulal,CPN Maoist,"20,906"
131,Nepal,Parliament & Provincial Election 2079,Provincial Election,Bagmati Pradesh,Sindhupalchowk,Constituency : 2 (2),Krishna Kumar Tamang,Nepali Congress,"17,758"
132,Nepal,Parliament & Provincial Election 2079,Provincial Election,Bagmati Pradesh,Kavrepalanchowk,Constituency : 1 (1),Ratna Prasad Dhakal,CPN Maoist,"20,720"
133,Nepal,Parliament & Provincial Election 2079,Provincial Election,Bagmati Pradesh,Kavrepalanchowk,Constituency : 1 (2),Tirtha Bahadur Lama,Nepali Congress,"19,280"
134,Nepal,Parliament & Provincial Election 2079,Provincial Election,Bagmati Pradesh,Kavrepalanchowk,Constituency : 2 (1),Laxman Lamsal,CPN (Unified Socialist),"19,408"
135,Nepal,Parliament & Provincial Election 2079,Provincial Election,Bagmati Pradesh,Kavrepalanchowk,Constituency : 2 (2),Kanchan Chandra Bade,Nepali Congress,"26,035"
136,Nepal,Parliament & Provincial Election 2079,Provincial Election,Bagmati Pradesh,Lalitpur,Constituency : 1 (1),Madhu Sudan Poudel,CPN UML,"11,299"
137,Nepal,Parliament & Provincial Election 2079,Provincial Election,Bagmati Pradesh,Lalitpur,Constituency : 1 (2),Min Krishna Maharjan,Nepali Congress,"13,378"
138,Nepal,Parliament & Provincial Election 2079,Provincial Election,Bagmati Pradesh,Lalitpur,Constituency : 2 (1),Rameshwor Shrestha,CPN UML,"8,298"
139,Nepal,Parliament & Provincial Election 2079,Provincial Election,Bagmati Pradesh,Lalitpur,Constituency : 2 (2),Ram Krishna Chitrakar,Nepali Congress,"6,995"
140,Nepal,Parliament & Provincial Election 2079,Provincial Election,Bagmati Pradesh,Lalitpur,Constituency : 3 (1),Radhu Nath Maharjan,CPN UML,"9,766"
141,Nepal,Parliament & Provincial Election 2079,Provincial Election,Bagmati Pradesh,Lalitpur,Constituency : 3 (2),Prem Bhakta Maharjan,CPN UML,"9,058"
142,Nepal,Parliament & Provincial Election 2079,Provincial Election,Bagmati Pradesh,Bhaktapur,Constituency : 1 (1),Surendra Shrestha,Nepali Congress,"9,424"
143,Nepal,Parliament & Provincial Election 2079,Provincial Election,Bagmati Pradesh,Bhaktapur,Constituency : 1 (2),Surendra Raj Gosai,Nepal Workers' and Peasants' Party,"29,704"
144,Nepal,Parliament & Provincial Election 2079,Provincial Election,Bagmati Pradesh,Bhaktapur,Constituency : 2 (1),Kiran Thapa Magar,CPN UML,"15,242"
145,Nepal,Parliament & Provincial Election 2079,Provincial Election,Bagmati Pradesh,Bhaktapur,Constituency : 2 (2),Rajendra Maan Shrestha,CPN (Unified Socialist),"8,340"
146,Nepal,Parliament & Provincial Election 2079,Provincial Election,Bagmati Pradesh,Kathmandu,Constituency : 1 (1),Dipendra Shrestha,Nepali Congress,"6,300"
147,Nepal,Parliament & Provincial Election 2079,Provincial Election,Bagmati Pradesh,Kathmandu,Constituency : 1 (2),Suraj Chandra Lamichhane,Nepali Congress,"4,510"
148,Nepal,Parliament & Provincial Election 2079,Provincial Election,Bagmati Pradesh,Kathmandu,Constituency : 2 (1),Sunil K.C,Rastriya Prajatantra Party,"6,598"
149,Nepal,Parliament & Provincial Election 2079,Provincial Election,Bagmati Pradesh,Kathmandu,Constituency : 2 (2),Raju Bist,Rastriya Prajatantra Party,"12,163"
150,Nepal,Parliament & Provincial Election 2079,Provincial Election,Bagmati Pradesh,Kathmandu,Constituency : 3 (1),Chiring Dorje Lama,Nepali Congress,"4,558"
151,Nepal,Parliament & Provincial Election 2079,Provincial Election,Bagmati Pradesh,Kathmandu,Constituency : 3 (2),Bimal Thakuri,Nepali Congress,"10,617"
152,Nepal,Parliament & Provincial Election 2079,Provincial Election,Bagmati Pradesh,Kathmandu,Constituency : 4 (1),Shreeram Lamichhane,Nepali Congress,"7,125"
153,Nepal,Parliament & Provincial Election 2079,Provincial Election,Bagmati Pradesh,Kathmandu,Constituency : 4 (2),Jayram Thapa,CPN UML,"10,417"
154,Nepal,Parliament & Provincial Election 2079,Provincial Election,Bagmati Pradesh,Kathmandu,Constituency : 5 (1),Rajendra Prajapati,Rastriya Prajatantra Party,"4,304"
155,Nepal,Parliament & Provincial Election 2079,Provincial Election,Bagmati Pradesh,Kathmandu,Constituency : 5 (2),Shyam Bahadur Khadka,Nepali Congress,"9,742"
156,Nepal,Parliament & Provincial Election 2079,Provincial Election,Bagmati Pradesh,Kathmandu,Constituency : 6 (1),Hariprabha Khadgi,Nepali Congress,"4,656"
157,Nepal,Parliament & Provincial Election 2079,Provincial Election,Bagmati Pradesh,Kathmandu,Constituency : 6 (2),Aman Kumar Maskey,CPN UML,"8,059"
158,Nepal,Parliament & Provincial Election 2079,Provincial Election,Bagmati Pradesh,Kathmandu,Constituency : 7 (1),Basant Prasad Manandhar,CPN (Unified Socialist),"5,866"
159,Nepal,Parliament & Provincial Election 2079,Provincial Election,Bagmati Pradesh,Kathmandu,Constituency : 7 (2),Prakash Shrestha,CPN UML,"5,218"
160,Nepal,Parliament & Provincial Election 2079,Provincial Election,Bagmati Pradesh,Kathmandu,Constituency : 8 (1),Shailendra Man Bajracharya,Hamro Nepali Party,"5,470"
161,Nepal,Parliament & Provincial Election 2079,Provincial Election,Bagmati Pradesh,Kathmandu,Constituency : 8 (2),Uddhav Thapa,Rastriya Prajatantra Party,"3,349"
162,Nepal,Parliament & Provincial Election 2079,Provincial Election,Bagmati Pradesh,Kathmandu,Constituency : 9 (1),Nuraj Bajracharya,Rastriya Prajatantra Party,"4,653"
163,Nepal,Parliament & Provincial Election 2079,Provincial Election,Bagmati Pradesh,Kathmandu,Constituency : 9 (2),Keshav Prasad Pokharel,CPN UML,"8,459"
164,Nepal,Parliament & Provincial Election 2079,Provincial Election,Bagmati Pradesh,Kathmandu,Constituency : 10 (1),Pukar Maharjan,Nepali Congress,"10,082"
165,Nepal,Parliament & Provincial Election 2079,Provincial Election,Bagmati Pradesh,Kathmandu,Constituency : 10 (2),Ram Ale Magar,CPN (Unified Socialist),"5,818"
166,Nepal,Parliament & Provincial Election 2079,Provincial Election,Bagmati Pradesh,Nuwakot,Constituency : 1 (1),Radhika Tamang,CPN Maoist,"16,169"
167,Nepal,Parliament & Provincial Election 2079,Provincial Election,Bagmati Pradesh,Nuwakot,Constituency : 1 (2),Ramesh Kumar Mahat,Nepali Congress,"13,727"
168,Nepal,Parliament & Provincial Election 2079,Provincial Election,Bagmati Pradesh,Nuwakot,Constituency : 2 (1),Ram Prasad Dhungana,CPN Maoist,"12,110"
169,Nepal,Parliament & Provincial Election 2079,Provincial Election,Bagmati Pradesh,Nuwakot,Constituency : 2 (2),Bahadur Singh Lama,Nepali Congress,"17,249"
170,Nepal,Parliament & Provincial Election 2079,Provincial Election,Bagmati Pradesh,Rasuwa,Constituency : 1 (1),Prabhat Tamang,Nepali Congress,"8,186"
171,Nepal,Parliament & Provincial Election 2079,Provincial Election,Bagmati Pradesh,Rasuwa,Constituency : 1 (2),Indra Prasad Gotame,CPN Maoist,"8,533"
172,Nepal,Parliament & Provincial Election 2079,Provincial Election,Bagmati Pradesh,Dhading,Constituency : 1 (1),Madhu Kumar Shrestha,Nepali Congress,"17,832"
173,Nepal,Parliament & Provincial Election 2079,Provincial Election,Bagmati Pradesh,Dhading,Constituency : 1 (2),Salik Ram Jamkattel,CPN Maoist,"19,903"
174,Nepal,Parliament & Provincial Election 2079,Provincial Election,Bagmati Pradesh,Dhading,Constituency : 2 (1),Govinda Lamsal,Nepali Congress,"19,419"
175,Nepal,Parliament & Provincial Election 2079,Provincial Election,Bagmati Pradesh,Dhading,Constituency : 2 (2),Dambar Tamang,Rastriya Prajatantra Party,"14,481"
176,Nepal,Parliament & Provincial Election 2079,Provincial Election,Bagmati Pradesh,Makwanpur,Constituency : 1 (1),Prem Bahadur Palami,CPN Maoist,"19,717"
177,Nepal,Parliament & Provincial Election 2079,Provincial Election,Bagmati Pradesh,Makwanpur,Constituency : 1 (2),Eka Laal Shrestha,CPN UML,"14,225"
178,Nepal,Parliament & Provincial Election 2079,Provincial Election,Bagmati Pradesh,Makwanpur,Constituency : 2 (1),Kumari Muktan,CPN Maoist,"19,873"
179,Nepal,Parliament & Provincial Election 2079,Provincial Election,Bagmati Pradesh,Makwanpur,Constituency : 2 (2),Indra Bahadur Baniya,Nepali Congress,"18,717"
180,Nepal,Parliament & Provincial Election 2079,Provincial Election,Bagmati Pradesh,Chitwan,Constituency : 1 (1),Jaganath Thapaliya,CPN UML,"17,688"
181,Nepal,Parliament & Provincial Election 2079,Provincial Election,Bagmati Pradesh,Chitwan,Constituency : 1 (2),Krishna Prasad Sharma Khanal,CPN (Unified Socialist),"15,507"
182,Nepal,Parliament & Provincial Election 2079,Provincial Election,Bagmati Pradesh,Chitwan,Constituency : 2 (1),Krishna Prasad Silwal,CPN UML,"16,500"
183,Nepal,Parliament & Provincial Election 2079,Provincial Election,Bagmati Pradesh,Chitwan,Constituency : 2 (2),Uttam Joshi,Nepali Congress,"13,306"
184,Nepal,Parliament & Provincial Election 2079,Provincial Election,Bagmati Pradesh,Chitwan,Constituency : 3 (1),Gir Bahadur Tamang,Rastriya Prajatantra Party,"17,813"
185,Nepal,Parliament & Provincial Election 2079,Provincial Election,Bagmati Pradesh,Chitwan,Constituency : 3 (2),Thakur Prasad Dhakal,CPN Maoist,"15,461"
186,Nepal,Parliament & Provincial Election 2079,Provincial Election,Gandaki Pradesh,Gorkha,Constituency : 1 (1),Krishna Prasad Dhital,CPN Maoist,"15,457"
187,Nepal,Parliament & Provincial Election 2079,Provincial Election,Gandaki Pradesh,Gorkha,Constituency : 1 (2),Nanda Prasad Neupane,Nepali Congress,"16,265"
188,Nepal,Parliament & Provincial Election 2079,Provincial Election,Gandaki Pradesh,Gorkha,Constituency : 2 (1),Fadindra Devkota,CPN Maoist,"12,418"
189,Nepal,Parliament & Provincial Election 2079,Provincial Election,Gandaki Pradesh,Gorkha,Constituency : 2 (2),Surendra Raj Pandey,Nepali Congress,"16,882"
190,Nepal,Parliament & Provincial Election 2079,Provincial Election,Gandaki Pradesh,Lamjung,Constituency : 1 (1),Tak Raj Gurung,Nepali Congress,"18,504"
191,Nepal,Parliament & Provincial Election 2079,Provincial Election,Gandaki Pradesh,Lamjung,Constituency : 1 (2),Bhes Bahadur Poudel,Nepali Congress,"19,557"
192,Nepal,Parliament & Provincial Election 2079,Provincial Election,Gandaki Pradesh,Tanahun,Constituency : 1 (1),Ashok Kumar Shrestha,Nepali Congress,"15,367"
193,Nepal,Parliament & Provincial Election 2079,Provincial Election,Gandaki Pradesh,Tanahun,Constituency : 1 (2),Hari Bahadur Chuman,CPN Maoist,"13,271"
194,Nepal,Parliament & Provincial Election 2079,Provincial Election,Gandaki Pradesh,Tanahun,Constituency : 2 (1),Shyam Raja Mahat,CPN UML,"15,665"
195,Nepal,Parliament & Provincial Election 2079,Provincial Election,Gandaki Pradesh,Tanahun,Constituency : 2 (2),Jit Prakash Ale Magar,Nepali Congress,"13,860"
196,Nepal,Parliament & Provincial Election 2079,Provincial Election,Gandaki Pradesh,Syangja,Constituency : 1 (1),Sita Kumari Sundas,CPN UML,"14,690"
197,Nepal,Parliament & Provincial Election 2079,Provincial Election,Gandaki Pradesh,Syangja,Constituency : 1 (2),Sudhir Kumar Poudel,CPN UML,"17,441"
198,Nepal,Parliament & Provincial Election 2079,Provincial Election,Gandaki Pradesh,Syangja,Constituency : 2 (1),Bhoj Raj Aryal,Nepali Congress,"15,161"
199,Nepal,Parliament & Provincial Election 2079,Provincial Election,Gandaki Pradesh,Syangja,Constituency : 2 (2),Mahesh Bhattarai,Nepali Congress,"18,808"
200,Nepal,Parliament & Provincial Election 2079,Provincial Election,Gandaki Pradesh,Kaski,Constituency : 1 (1),Khajraj Adhikari,CPN UML,"15,623"
201,Nepal,Parliament & Provincial Election 2079,Provincial Election,Gandaki Pradesh,Kaski,Constituency : 1 (2),Bed Bahadur Gurung,CPN UML,"12,661"
202,Nepal,Parliament & Provincial Election 2079,Provincial Election,Gandaki Pradesh,Kaski,Constituency : 2 (1),Bhim Bahadur Karki,CPN UML,"10,531"
203,Nepal,Parliament & Provincial Election 2079,Provincial Election,Gandaki Pradesh,Kaski,Constituency : 2 (2),Bindu Kumar Thapa,Nepali Congress,"9,280"
204,Nepal,Parliament & Provincial Election 2079,Provincial Election,Gandaki Pradesh,Kaski,Constituency : 3 (1),Ganeshman Gurung,CPN UML,"14,473"
205,Nepal,Parliament & Provincial Election 2079,Provincial Election,Gandaki Pradesh,Kaski,Constituency : 3 (2),Prakash Baral,Nepali Congress,"12,367"
206,Nepal,Parliament & Provincial Election 2079,Provincial Election,Gandaki Pradesh,Manang,Constituency : 1 (1),Munindra Jung Gurung,Nepali Congress,"1,255"
207,Nepal,Parliament & Provincial Election 2079,Provincial Election,Gandaki Pradesh,Manang,Constituency : 1 (2),Rajib Gurung,Independent,0
208,Nepal,Parliament & Provincial Election 2079,Provincial Election,Gandaki Pradesh,Mustang,Constituency : 1 (1),Namdu Gurung,Nepali Congress,"1,048"
209,Nepal,Parliament & Provincial Election 2079,Provincial Election,Gandaki Pradesh,Mustang,Constituency : 1 (2),Bikal Sherchan,Nepali Congress,"2,723"
210,Nepal,Parliament & Provincial Election 2079,Provincial Election,Gandaki Pradesh,Parbat,Constituency : 1 (1),Bhakta Bahadur Kunwar,CPN UML,"16,825"
211,Nepal,Parliament & Provincial Election 2079,Provincial Election,Gandaki Pradesh,Parbat,Constituency : 1 (2),Mitralal Basyal,CPN UML,"14,132"
212,Nepal,Parliament & Provincial Election 2079,Provincial Election,Gandaki Pradesh,Myagdi,Constituency : 1 (1),Hari Bahadur Bhandari,CPN Maoist,"12,740"
213,Nepal,Parliament & Provincial Election 2079,Provincial Election,Gandaki Pradesh,Myagdi,Constituency : 1 (2),Resambahadur Jugjali,CPN Maoist,"9,454"
214,Nepal,Parliament & Provincial Election 2079,Provincial Election,Gandaki Pradesh,Baglung,Constituency : 1 (1),Dipendra Bahadur Thapa,Nepali Congress,"13,884"
215,Nepal,Parliament & Provincial Election 2079,Provincial Election,Gandaki Pradesh,Baglung,Constituency : 1 (2),Dilli Ram Paudel,Nepali Congress,"13,327"
216,Nepal,Parliament & Provincial Election 2079,Provincial Election,Gandaki Pradesh,Baglung,Constituency : 2 (1),Jit Bahadur Serchan,Nepali Congress,"15,108"
217,Nepal,Parliament & Provincial Election 2079,Provincial Election,Gandaki Pradesh,Baglung,Constituency : 2 (2),Dorna Kumar Kunwar,Nepali Congress,"12,408"
218,Nepal,Parliament & Provincial Election 2079,Provincial Election,Gandaki Pradesh,Nawalparasi East,Constituency : 1 (1),Mahendra Dwaj G.C.,Nepali Congress,"15,137"
219,Nepal,Parliament & Provincial Election 2079,Provincial Election,Gandaki Pradesh,Nawalparasi East,Constituency : 1 (2),Roshan Bahadur Gaha Thapa,CPN UML,"17,823"
220,Nepal,Parliament & Provincial Election 2079,Provincial Election,Gandaki Pradesh,Nawalparasi East,Constituency : 2 (1),Padma G.C.,CPN UML,"19,378"
221,Nepal,Parliament & Provincial Election 2079,Provincial Election,Gandaki Pradesh,Nawalparasi East,Constituency : 2 (2),Laxman Bahadur Pandey,CPN UML,"18,806"
222,Nepal,Parliament & Provincial Election 2079,Provincial Election,Lumbini Pradesh,Gulmi,Constituency : 1 (1),Chintamani Pandey,CPN UML,"15,127"
223,Nepal,Parliament & Provincial Election 2079,Provincial Election,Lumbini Pradesh,Gulmi,Constituency : 1 (2),Dhanendra Karki,Nepali Congress,"18,596"
224,Nepal,Parliament & Provincial Election 2079,Provincial Election,Lumbini Pradesh,Gulmi,Constituency : 2 (1),Dilliram Bhusal,CPN UML,"14,285"
225,Nepal,Parliament & Provincial Election 2079,Provincial Election,Lumbini Pradesh,Gulmi,Constituency : 2 (2),Dinesh Panti,CPN UML,"13,929"
226,Nepal,Parliament & Provincial Election 2079,Provincial Election,Lumbini Pradesh,Palpa,Constituency : 1 (1),Raju Prasad Shrestha,CPN UML,"17,642"
227,Nepal,Parliament & Provincial Election 2079,Provincial Election,Lumbini Pradesh,Palpa,Constituency : 1 (2),Khem Bahadur Saru,CPN UML,"14,296"
228,Nepal,Parliament & Provincial Election 2079,Provincial Election,Lumbini Pradesh,Palpa,Constituency : 2 (1),Bir Bahadur Rana,Nepali Congress,"16,039"
229,Nepal,Parliament & Provincial Election 2079,Provincial Election,Lumbini Pradesh,Palpa,Constituency : 2 (2),Tula Ram Gharti Magar,CPN Maoist,"13,992"
230,Nepal,Parliament & Provincial Election 2079,Provincial Election,Lumbini Pradesh,Rupandehi,Constituency : 1 (1),Aashish Kumar Chaudhary,Rastriya Prajatantra Party,"17,785"
231,Nepal,Parliament & Provincial Election 2079,Provincial Election,Lumbini Pradesh,Rupandehi,Constituency : 1 (2),Abdul Rajak Gadhi,Nepali Congress,"12,124"
232,Nepal,Parliament & Provincial Election 2079,Provincial Election,Lumbini Pradesh,Rupandehi,Constituency : 2 (1),Lila Giri,CPN UML,"17,632"
233,Nepal,Parliament & Provincial Election 2079,Provincial Election,Lumbini Pradesh,Rupandehi,Constituency : 2 (2),Bhoj Prasad Shrestha,CPN UML,"16,300"
234,Nepal,Parliament & Provincial Election 2079,Provincial Election,Lumbini Pradesh,Rupandehi,Constituency : 3 (1),Santosh Kumar Pandey,Loktantrik Samajwadi Party,"14,928"
235,Nepal,Parliament & Provincial Election 2079,Provincial Election,Lumbini Pradesh,Rupandehi,Constituency : 3 (2),Tulsi Prashad Chaudhary,CPN UML,"16,394"
236,Nepal,Parliament & Provincial Election 2079,Provincial Election,Lumbini Pradesh,Rupandehi,Constituency : 4 (1),Kanhaiya Baniya,Loktantrik Samajwadi Party,"15,155"
237,Nepal,Parliament & Provincial Election 2079,Provincial Election,Lumbini Pradesh,Rupandehi,Constituency : 4 (2),Wasi Udin Khan,Nepali Congress,"11,305"
238,Nepal,Parliament & Provincial Election 2079,Provincial Election,Lumbini Pradesh,Rupandehi,Constituency : 5 (1),Bhumishor Dhakal,CPN UML,"19,078"
239,Nepal,Parliament & Provincial Election 2079,Provincial Election,Lumbini Pradesh,Rupandehi,Constituency : 5 (2),Chandra Kesh Gupta,Janamat Party,"12,941"
240,Nepal,Parliament & Provincial Election 2079,Provincial Election,Lumbini Pradesh,Arghakhanchi,Constituency : 1 (1),Chet Narayan Aacharya,CPN UML,"20,525"
241,Nepal,Parliament & Provincial Election 2079,Provincial Election,Lumbini Pradesh,Arghakhanchi,Constituency : 1 (2),Ramji Prasad Ghimire,CPN UML,"22,729"
242,Nepal,Parliament & Provincial Election 2079,Provincial Election,Lumbini Pradesh,Kapilvastu,Constituency : 1 (1),Bishnu Prasad Panthi,CPN UML,"20,247"
243,Nepal,Parliament & Provincial Election 2079,Provincial Election,Lumbini Pradesh,Kapilvastu,Constituency : 1 (2),,CPN UML,"11,748"
244,Nepal,Parliament & Provincial Election 2079,Provincial Election,Lumbini Pradesh,Kapilvastu,Constituency : 2 (1),Nabraj Lamichhane,CPN UML,"21,136"
245,Nepal,Parliament & Provincial Election 2079,Provincial Election,Lumbini Pradesh,Kapilvastu,Constituency : 2 (2),Sudhakar Pandey,Nepali Congress,"14,185"
246,Nepal,Parliament & Provincial Election 2079,Provincial Election,Lumbini Pradesh,Kapilvastu,Constituency : 3 (1),Arjun Kumar K.C.,CPN UML,"11,735"
247,Nepal,Parliament & Provincial Election 2079,Provincial Election,Lumbini Pradesh,Kapilvastu,Constituency : 3 (2),Janaki Prasad Yadav,Rastriya Prajatantra Party,"8,582"
248,Nepal,Parliament & Provincial Election 2079,Provincial Election,Lumbini Pradesh,Pyuthan,Constituency : 1 (1),Tulsi Ram Sharma,CPN UML,"20,210"
249,Nepal,Parliament & Provincial Election 2079,Provincial Election,Lumbini Pradesh,Pyuthan,Constituency : 1 (2),Saroj Thapa,Nepali Congress,"22,519"
250,Nepal,Parliament & Provincial Election 2079,Provincial Election,Lumbini Pradesh,Rolpa,Constituency : 1 (1),Jhokh Bahadur Mahara,CPN Maoist,"19,425"
251,Nepal,Parliament & Provincial Election 2079,Provincial Election,Lumbini Pradesh,Rolpa,Constituency : 1 (2),Dipendra Kumar Pun Magar,Independent,"14,927"
252,Nepal,Parliament & Provincial Election 2079,Provincial Election,Lumbini Pradesh,Dang,Constituency : 1 (1),Indra Jit Tharu,CPN Maoist,"13,505"
253,Nepal,Parliament & Provincial Election 2079,Provincial Election,Lumbini Pradesh,Dang,Constituency : 1 (2),Anurag Khadka,Nepali Congress,"16,222"
254,Nepal,Parliament & Provincial Election 2079,Provincial Election,Lumbini Pradesh,Dang,Constituency : 2 (1),Raju Khanal,Nepali Congress,"15,616"
255,Nepal,Parliament & Provincial Election 2079,Provincial Election,Lumbini Pradesh,Dang,Constituency : 2 (2),Prachanda Bikram Neupane,Nepali Congress,"17,469"
256,Nepal,Parliament & Provincial Election 2079,Provincial Election,Lumbini Pradesh,Dang,Constituency : 3 (1),Dilli Bahadur Chaudhary,Nepali Congress,"19,850"
257,Nepal,Parliament & Provincial Election 2079,Provincial Election,Lumbini Pradesh,Dang,Constituency : 3 (2),Dhan Bahadur Maski,CPN Maoist,"22,321"
258,Nepal,Parliament & Provincial Election 2079,Provincial Election,Lumbini Pradesh,Bardiya,Constituency : 1 (1),Bhuwaneshor Chaudhary,Nepali Congress,"17,026"
259,Nepal,Parliament & Provincial Election 2079,Provincial Election,Lumbini Pradesh,Bardiya,Constituency : 1 (2),RajKumar Chaudhary,Nagarik Unmukti Party,"13,230"
260,Nepal,Parliament & Provincial Election 2079,Provincial Election,Lumbini Pradesh,Bardiya,Constituency : 2 (1),Janmajaya Timilsina,Nepali Congress,"17,251"
261,Nepal,Parliament & Provincial Election 2079,Provincial Election,Lumbini Pradesh,Bardiya,Constituency : 2 (2),Darma Bahadur Chaudhary,Nagarik Unmukti Party,"20,127"
262,Nepal,Parliament & Provincial Election 2079,Provincial Election,Lumbini Pradesh,Banke,Constituency : 1 (1),Krishna K.C.,CPN Maoist,"9,103"
263,Nepal,Parliament & Provincial Election 2079,Provincial Election,Lumbini Pradesh,Banke,Constituency : 1 (2),Durga Prasad Chaudhary,CPN UML,"15,657"
264,Nepal,Parliament & Provincial Election 2079,Provincial Election,Lumbini Pradesh,Banke,Constituency : 2 (1),Bhandari Lal Ahir,Janata Samajwadi Party,"11,504"
265,Nepal,Parliament & Provincial Election 2079,Provincial Election,Lumbini Pradesh,Banke,Constituency : 2 (2),Aadesh Kumar Agrawal,Janata Samajwadi Party,"8,246"
266,Nepal,Parliament & Provincial Election 2079,Provincial Election,Lumbini Pradesh,Banke,Constituency : 3 (1),Ratna Bahadur Khatri,CPN UML,"13,158"
267,Nepal,Parliament & Provincial Election 2079,Provincial Election,Lumbini Pradesh,Banke,Constituency : 3 (2),Badshah Kurmi,Nepali Congress,"13,433"
268,Nepal,Parliament & Provincial Election 2079,Provincial Election,Lumbini Pradesh,Nawalparasi West,Constituency : 1 (1),Biswa Prem Pathak,Nepali Congress,"15,436"
269,Nepal,Parliament & Provincial Election 2079,Provincial Election,Lumbini Pradesh,Nawalparasi West,Constituency : 1 (2),Devkaran Prasad Kalwal,Nepali Congress,"11,384"
270,Nepal,Parliament & Provincial Election 2079,Provincial Election,Lumbini Pradesh,Nawalparasi West,Constituency : 2 (1),Khadak Basnet,Independent,"12,449"
271,Nepal,Parliament & Provincial Election 2079,Provincial Election,Lumbini Pradesh,Nawalparasi West,Constituency : 2 (2),Baijnath Kalwar,Nepali Congress,"11,782"
272,Nepal,Parliament & Provincial Election 2079,Provincial Election,Lumbini Pradesh,Rukum East,Constituency : 1 (1),Surul Pun,Independent,"4,465"
273,Nepal,Parliament & Provincial Election 2079,Provincial Election,Lumbini Pradesh,Rukum East,Constituency : 1 (2),Dhan Bahadur K.C.,Nepali Congress,"4,862"
274,Nepal,Parliament & Provincial Election 2079,Provincial Election,Karnali Pradesh,Rukum West,Constituency : 1 (1),Mahendra K.C.,CPN Maoist,"19,033"
275,Nepal,Parliament & Provincial Election 2079,Provincial Election,Karnali Pradesh,Rukum West,Constituency : 1 (2),Raj Kumar Sharma,CPN Maoist,"20,160"
276,Nepal,Parliament & Provincial Election 2079,Provincial Election,Karnali Pradesh,Salyan,Constituency : 1 (1),Bhim Prakash Sharma,CPN Maoist,"22,243"
277,Nepal,Parliament & Provincial Election 2079,Provincial Election,Karnali Pradesh,Salyan,Constituency : 1 (2),Suresh Adhikari,Nepali Congress,"20,408"
278,Nepal,Parliament & Provincial Election 2079,Provincial Election,Karnali Pradesh,Surkhet,Constituency : 1 (1),Khadak Bahadur Pokhrel,Nepali Congress,"18,264"
279,Nepal,Parliament & Provincial Election 2079,Provincial Election,Karnali Pradesh,Surkhet,Constituency : 1 (2),Krishna Bahadur G.C.,CPN Maoist,"21,734"
280,Nepal,Parliament & Provincial Election 2079,Provincial Election,Karnali Pradesh,Surkhet,Constituency : 2 (1),Yam Lal Kadel,CPN UML,"18,561"
281,Nepal,Parliament & Provincial Election 2079,Provincial Election,Karnali Pradesh,Surkhet,Constituency : 2 (2),Bind Man Bista,CPN Maoist,"13,909"
282,Nepal,Parliament & Provincial Election 2079,Provincial Election,Karnali Pradesh,Dailekh,Constituency : 1 (1),Purna Bahadur Khatri,Nepali Congress,"9,482"
283,Nepal,Parliament & Provincial Election 2079,Provincial Election,Karnali Pradesh,Dailekh,Constituency : 1 (2),Krishna Kumar B.C.,Nepali Congress,"10,545"
284,Nepal,Parliament & Provincial Election 2079,Provincial Election,Karnali Pradesh,Dailekh,Constituency : 2 (1),Dhanshyam Bhandari,Nepali Congress,"10,800"
285,Nepal,Parliament & Provincial Election 2079,Provincial Election,Karnali Pradesh,Dailekh,Constituency : 2 (2),Binod Kumar Shah,CPN UML,"9,464"
286,Nepal,Parliament & Provincial Election 2079,Provincial Election,Karnali Pradesh,Jajarkot,Constituency : 1 (1),Bhed Raj Singh,Nepali Congress,"18,543"
287,Nepal,Parliament & Provincial Election 2079,Provincial Election,Karnali Pradesh,Jajarkot,Constituency : 1 (2),Rajib Bikram Shah,Nepali Congress,"16,040"
288,Nepal,Parliament & Provincial Election 2079,Provincial Election,Karnali Pradesh,Dolpa,Constituency : 1 (1),Sher Bahadur Budha,CPN UML,"4,743"
289,Nepal,Parliament & Provincial Election 2079,Provincial Election,Karnali Pradesh,Dolpa,Constituency : 1 (2),Bir Bahadur Shahi,CPN Maoist,"5,295"
290,Nepal,Parliament & Provincial Election 2079,Provincial Election,Karnali Pradesh,Humla,Constituency : 1 (1),Ran Singh Pariyar,CPN Maoist,"6,481"
291,Nepal,Parliament & Provincial Election 2079,Provincial Election,Karnali Pradesh,Humla,Constituency : 1 (2),Jivan Bahadur Shahi,Nepali Congress,"7,056"
292,Nepal,Parliament & Provincial Election 2079,Provincial Election,Karnali Pradesh,Kalikot,Constituency : 1 (1),Durg Bahadur Rawal,CPN Maoist,"9,014"
293,Nepal,Parliament & Provincial Election 2079,Provincial Election,Karnali Pradesh,Kalikot,Constituency : 1 (2),Hikmat Bahadur Bista,Nepali Congress,"13,783"
294,Nepal,Parliament & Provincial Election 2079,Provincial Election,Karnali Pradesh,Mugu,Constituency : 1 (1),Jit Bahadur Malla,CPN UML,"6,618"
295,Nepal,Parliament & Provincial Election 2079,Provincial Election,Karnali Pradesh,Mugu,Constituency : 1 (2),Mangal Bahadur Shahi,CPN Maoist,"8,429"
296,Nepal,Parliament & Provincial Election 2079,Provincial Election,Karnali Pradesh,Jumla,Constituency : 1 (1),Devendra Bahadur Shahi,Independent,"9,654"
297,Nepal,Parliament & Provincial Election 2079,Provincial Election,Karnali Pradesh,Jumla,Constituency : 1 (2),Tek Raj Pachai,CPN UML,"7,827"
298,Nepal,Parliament & Provincial Election 2079,Provincial Election,Sudurpaschim Pradesh,Bajhang,"Constituency : 1 (1), By re-election 2081",Daman Bahadur Bhandari,CPN-UML,"11,613"
299,Nepal,Parliament & Provincial Election 2079,Provincial Election,Sudurpaschim Pradesh,Bajhang,Constituency : 1 (1),Prithivi Bahadur Singh,Nepali Congress,"17,112"
300,Nepal,Parliament & Provincial Election 2079,Provincial Election,Sudurpaschim Pradesh,Bajhang,Constituency : 1 (2),Bhim Bahadur Bhandari,CPN (Maoist Center),"13,879"
301,Nepal,Parliament & Provincial Election 2079,Provincial Election,Sudurpaschim Pradesh,Achham,Constituency : 1 (1),Megh Raj Khadka,Nepali Congress,"12,337"
302,Nepal,Parliament & Provincial Election 2079,Provincial Election,Sudurpaschim Pradesh,Achham,Constituency : 1 (2),Jhatpat Bahadur Saud,CPN Maoist,"12,115"
303,Nepal,Parliament & Provincial Election 2079,Provincial Election,Sudurpaschim Pradesh,Achham,Constituency : 2 (1),Akkal Bahadur Rawal,CPN Maoist,"11,230"
304,Nepal,Parliament & Provincial Election 2079,Provincial Election,Sudurpaschim Pradesh,Achham,Constituency : 2 (2),Man Bahadur Rawal,Nepali Congress,"11,216"
305,Nepal,Parliament & Provincial Election 2079,Provincial Election,Sudurpaschim Pradesh,Doti,Constituency : 1 (1),Chakra Bahadur Malla,CPN UML,"15,279"
306,Nepal,Parliament & Provincial Election 2079,Provincial Election,Sudurpaschim Pradesh,Doti,Constituency : 1 (2),Shiva C Oli,CPN Maoist,"14,047"
307,Nepal,Parliament & Provincial Election 2079,Provincial Election,Sudurpaschim Pradesh,Kailali,Constituency : 1 (1),Kailash Chaudhary,Nagarik Unmukti Party,"15,101"
308,Nepal,Parliament & Provincial Election 2079,Provincial Election,Sudurpaschim Pradesh,Kailali,Constituency : 1 (2),Laxman Kishor Chaudhary,Nagarik Unmukti Party,"11,318"
309,Nepal,Parliament & Provincial Election 2079,Provincial Election,Sudurpaschim Pradesh,Kailali,Constituency : 2 (1),Kamal Bahadur Shah,Nepali Congress,"10,433"
310,Nepal,Parliament & Provincial Election 2079,Provincial Election,Sudurpaschim Pradesh,Kailali,Constituency : 2 (2),Rameshor Chaudhary,Nagarik Unmukti Party,"10,665"
311,Nepal,Parliament & Provincial Election 2079,Provincial Election,Sudurpaschim Pradesh,Kailali,Constituency : 3 (1),Dhanshyam Chaudhary,Nagarik Unmukti Party,"13,923"
312,Nepal,Parliament & Provincial Election 2079,Provincial Election,Sudurpaschim Pradesh,Kailali,Constituency : 3 (2),Khusi Ram Dagaura Tharu,Nagarik Unmukti Party,"7,539"
313,Nepal,Parliament & Provincial Election 2079,Provincial Election,Sudurpaschim Pradesh,Kailali,Constituency : 4 (1),Dhirga Bahadur Sodari,CPN (Unified Socialist),"13,479"
314,Nepal,Parliament & Provincial Election 2079,Provincial Election,Sudurpaschim Pradesh,Kailali,Constituency : 4 (2),Prakash Bahadur Bam,Nepali Congress,"12,473"
315,Nepal,Parliament & Provincial Election 2079,Provincial Election,Sudurpaschim Pradesh,Kailali,Constituency : 5 (1),Ramesh Singh Dhami,CPN Maoist,"9,387"
316,Nepal,Parliament & Provincial Election 2079,Provincial Election,Sudurpaschim Pradesh,Kailali,Constituency : 5 (2),Prakash Bahadur Deuba,Nepali Congress,"9,591"
317,Nepal,Parliament & Provincial Election 2079,Provincial Election,Sudurpaschim Pradesh,Kanchanpur,Constituency : 1 (1),Bir Bahadur Thapa,CPN UML,"12,385"
318,Nepal,Parliament & Provincial Election 2079,Provincial Election,Sudurpaschim Pradesh,Kanchanpur,Constituency : 1 (2),Diwan Singh Bista,Nepali Congress,"8,545"
319,Nepal,Parliament & Provincial Election 2079,Provincial Election,Sudurpaschim Pradesh,Kanchanpur,Constituency : 2 (1),Om Bikram Batta,CPN Maoist,"10,938"
320,Nepal,Parliament & Provincial Election 2079,Provincial Election,Sudurpaschim Pradesh,Kanchanpur,Constituency : 2 (2),Bahadur Singh Thapa,Nepali Congress,"10,688"
321,Nepal,Parliament & Provincial Election 2079,Provincial Election,Sudurpaschim Pradesh,Kanchanpur,Constituency : 3 (1),Prakash Rawal,CPN (Unified Socialist),"8,734"
322,Nepal,Parliament & Provincial Election 2079,Provincial Election,Sudurpaschim Pradesh,Kanchanpur,Constituency : 3 (2),Bel Bahadur Rana Magar,Nepali Congress,"16,172"
323,Nepal,Parliament & Provincial Election 2079,Provincial Election,Sudurpaschim Pradesh,Dadeldhura,Constituency : 1 (1),Khagaraj Bhatta,CPN Maoist,"12,112"
324,Nepal,Parliament & Provincial Election 2079,Provincial Election,Sudurpaschim Pradesh,Dadeldhura,Constituency : 1 (2),Tara Prasad Joshi,Independent,"11,162"
325,Nepal,Parliament & Provincial Election 2079,Provincial Election,Sudurpaschim Pradesh,Baitadi,Constituency : 1 (1),Surendra Bahadur Pal,CPN UML,"12,831"
326,Nepal,Parliament & Provincial Election 2079,Provincial Election,Sudurpaschim Pradesh,Baitadi,Constituency : 1 (2),Shiva Raj Bhatta,Nepali Congress,"17,153"
327,Nepal,Parliament & Provincial Election 2079,Provincial Election,Sudurpaschim Pradesh,Darchula,Constituency : 1 (1),Bikram Singh Dhami,Nepali Congress,"15,127"
328,Nepal,Parliament & Provincial Election 2079,Provincial Election,Sudurpaschim Pradesh,Darchula,Constituency : 1 (2),Man Bahadur Dhami,CPN Maoist,"13,171"
329,Nepal,Parliament & Provincial Election 2079,Provincial Election,Sudurpaschim Pradesh,Bajura,Constituency : 1 (1),Naresh Kumar Shahi,CPN (Unified Socialist),"10,973"
330,Nepal,Parliament & Provincial Election 2079,Provincial Election,Sudurpaschim Pradesh,Bajura,Constituency : 1 (2),Padam Bahadur Shahi,Nepali Congress,"20,119"
